use clienteapi;
-- MySQL dump 10.13  Distrib 8.0.20, for Win64 (x86_64)
--
-- Host: localhost    Database: clienteapi
-- ------------------------------------------------------
-- Server version	8.0.20

/*!40101 SET @OLD_CHARACTER_SET_CLIENT=@@CHARACTER_SET_CLIENT */;
/*!40101 SET @OLD_CHARACTER_SET_RESULTS=@@CHARACTER_SET_RESULTS */;
/*!40101 SET @OLD_COLLATION_CONNECTION=@@COLLATION_CONNECTION */;
/*!50503 SET NAMES utf8 */;
/*!40103 SET @OLD_TIME_ZONE=@@TIME_ZONE */;
/*!40103 SET TIME_ZONE='+00:00' */;
/*!40014 SET @OLD_UNIQUE_CHECKS=@@UNIQUE_CHECKS, UNIQUE_CHECKS=0 */;
/*!40014 SET @OLD_FOREIGN_KEY_CHECKS=@@FOREIGN_KEY_CHECKS, FOREIGN_KEY_CHECKS=0 */;
/*!40101 SET @OLD_SQL_MODE=@@SQL_MODE, SQL_MODE='NO_AUTO_VALUE_ON_ZERO' */;
/*!40111 SET @OLD_SQL_NOTES=@@SQL_NOTES, SQL_NOTES=0 */;

--
-- Table structure for table `aluno`
--

DROP TABLE IF EXISTS `aluno`;
/*!40101 SET @saved_cs_client     = @@character_set_client */;
/*!50503 SET character_set_client = utf8mb4 */;
CREATE TABLE `aluno` (
  `login` varchar(11) NOT NULL,
  `nome_completo` varchar(45) DEFAULT NULL,
  `senha` varchar(50) DEFAULT NULL,
  `email` varchar(50) DEFAULT NULL,
  `data_nascimento` varchar(20) DEFAULT NULL,
  `sexo` varchar(20) DEFAULT NULL,
  PRIMARY KEY (`login`)
) ENGINE=InnoDB DEFAULT CHARSET=utf8;
/*!40101 SET character_set_client = @saved_cs_client */;

--
-- Dumping data for table `aluno`
--

LOCK TABLES `aluno` WRITE;
/*!40000 ALTER TABLE `aluno` DISABLE KEYS */;
INSERT INTO `aluno` VALUES ('00153600080','ALISSON GOLBERI VIEIRA MARTINS','24debd34e871cfa71dc7be57dc54b79b','alissongv.martins@gmail.com','05031983','M'),('00212807030','VANESSA BUDKE','45203e747abf62d39c515c6816e24fc7','vanessa_budke@yahoo.com.br','13061983','F'),('00392007010','RAFAEL ZOLET','2222c906f98aa760276febc57bfdeeb7','rafaelzolet@yahoo.com.br','10121982','M'),('00512437092','ADRIANA DE CAMPOS ALVES CAMERA','0327744d502003414fc0cef5210646f7','dricaaca.camera@gmail.com','23111984','F'),('00546766064','LISIANE REIPS','ebe256ec0bb28b6be0feb6d2d2f62765','lisiane.reips@ibiruba.ifrs.edu.br','15111984','F'),('00589218000','CAROLINE RUPPENTHAL WEBER','4fa9461b84183042893cc2ed4d1dd45b','carolineweber645@gmail.com','14072001','F'),('00602333032','CLAUDIO JORGE ECKERT JUNIOR','0e8c38418ac4c16cdcf8c023e7bea0b5','claudioeckert@gmail.com','17081999','M'),('00619422009','DANIELA FASSBINDER','e03799858c85fe27739c6e537fb7c6b2','danielafassbinder100@hotmail.com','02101983','F'),('00684981017','FABIO DE SOUZA FERRARI','8fbb88f0af04a6cf108b21f09c1e0698','fabio.ferrarii@hotmail.com','01061993','M'),('00894970070','RUDIMAR VEDI','0dc59244494379bbbe4ea1c862476d7a','rudimarvedi36@gmail.com','23041980','M'),('00970197047','ANDREI PIOVESAN','912e3a29a4254da7971f6e9f29dec449','andrei_piovezan@hotmail.com','13021998','M'),('00989115038','ALAN PATRIC DE OLIVEIRA','f012e8fddca9ac106133c76ca246c4d2','alanpatric1@hotmail.com','18111987','M'),('01065245009','TIAGO BOHRZ POLLETO','746c41b8b580ba7d905cc699294803cb','tbohrz@gmail.com','22011989','M'),('01117372065','ANDERSON OBERDAN ROQUE','1bfe9a4dd442cb0e5cb1b3aeac3c356d','andersonroque1996@hotmail.com','30051996','M'),('01146425082','LUIS FERNANDO ROQUE','f914cf04c878245c770c517ed05e9dc7','fernandorw82@gmail.com','26031987','M'),('01232976059','ILDA GRAZIELA VOGEL','dd21678576153944da084b1659e5e85f','grazielavogel83@gmail.com','23021983','F'),('01252847050','FELIPE SILVESTRI','9cc10e05507f72f9ac69ce7282dd6202','felipe.silvestri8@gmail.com','13032001','M'),('01347682058','LUCAS HENRIQUE BECKER','06eef9328236dc585d1a97dc74aabf2f','lucashbecker07@gmail.com','07092003','M'),('01455688061','PATRÍCIA BERTINATTO','9b17d2ba63b7e128894d6c6f502d74f9','paty-bertinatto@hotmail.com','30121987','F'),('01692108042','GUILHERME RODRIGUES GOI','09759466a662a28bc29d8c2ff2239a21','ifpskillzone@gmail.com','12042004','M'),('01697563007','ANDERSON GRAFFUNDER DA SILVA','8659c6c0d2d71d1beeaf7d7b398cea98','andersonground@gmail.com','08081995','M'),('01719011001','KLISMAN FERREIRA DE MELO','123e09eef8162ba08d3c9261422047cf','klismanfdm@gmail.com','05091998','M'),('01742393004','BIANCA RAFAELA BECKER','bc72abbd8b78cc5cfc2027352a5d28e7','biancarafaelabecker@hotmail.com','08072003','F'),('01812601077','FERNANDA MALDANER PREDIGER','ce2f24bdc0c0f647b818b8b6580f3073','fernandamalpre@gmail.com','09052003','F'),('01867062003','GUSTAVO GEWEHR SOARES','2e9ebb307e6742543110d6b54e8fa57e','gusgewehr@gmail.com','23111995','M'),('01902769082','PEDRO FELTRIN','500743af4f661f3823022082d5933da7','pedrofeltrin47@gmail.com','14052001','M'),('01914648056','MAIEL BRUNO PAUSE KAMPHORST','497f41d657b26e9ee573b9ab9cc788ce','maiel.kamphorst@ibiruba.ifrs.edu.br','15111990','M'),('01918755035','ARTHUR TEIXEIRA DE ASSUNÇÃO','11e54323550921b71d64f80f308934f8','arthurassuncao@gmail.com','09032000','M'),('01924671077','THAILON ARIEL FRITSCH','ed795303c702080a8208a2ee4445da1e','thailonarielfritsch@gmail.com','07062004','M'),('01929599056','DANIEL DIEL','e4783c0ca68b4d779d47df0d32a5d353','danieldiel1989@gmail.com','28061989','M'),('02026677077','GABRIEL MARTINO','7b3910ffc6da29a1871491368d0ca754','hiratgameplay@gmail.com','02071998','M'),('02064604065','CASSIANO LUÍZ ROOS','e0c0659efd817d5ae03429cec09fadbe','cassiano.roos@ibiruba.ifrs.edu.br','10061997','M'),('02096253098','GUILHERME ELICYANO SIEG','3f39717de00a131f1d5c9163b976f2cb','guilhermesieg@gmail.com','29051991','M'),('02116719089','SUZANI SILVEIRA DO AMARAL','b02502e9ba2e1e7311680cc56742030f','suzanisilveiradoamaral@gmail.com','04091989','F'),('02131797095','CAUÊ ARABITES MUNIZ DOS SANTOS','ae57d3a26a5a983afaa9acafe84e10c8','arabitescaue@gmail.com','22022005','M'),('02153278023','ANNA LAURA JUNGES','379540eb0ad9eafc41ccb8c55af35eb2','anna_lauraj@yahoo.com.br','26061995','F'),('02178773036','ANA CAROLINA PAZINATO DE LUCCA','7f10c0c3008c266577a43b1ca1d82fbf','anapdelucca@hotmail.com','16032005','F'),('02226997016','GREICI LAUXEN','ee9abc106cf06ce1fd8fbae605241e98','greici.lauxen@ibiruba.ifrs.edu.br','18041991','F'),('02227168005','JOÃO VÍTOR BATISTELLA','bc11b99099ed6fbdaea01fb756fce5c6','joaovitor.batistella.ifrs@gmail.com','18022002','M'),('02230438000','JESSICA ELICKER','cdc8eae8dece5711eb7d0f90e293c2a6','jessica.elicker001@hotmail.com','08071996','F'),('02232063003','VINÍCIOS GABRIEL WIEDTHÄUPER','d9bb5f03ffab5d67a1d2821447aaab88','vinicio5gw@hotmail.com','03022000','M'),('02242679066','GUILHERME PEREIRA SOARES','5034c845a623be1dc9ba4781e6ae18b8','gpsoares2012@hotmail.com','06011989','M'),('02288449080','IGOR MARANGON','f7c0f7c9ec4c77aac76fa207166b2306','igormarangon9@gmail.com','24041997','M'),('02356116036','WESLEY CHRISTIAN HARTMANN','fd2fbe20215fffe9b09733dabc0413fd','wesley.lagoa3cantos@gmail.com','30071997','M'),('02373910071','GABRIELA RECH GOBBI','adf24e134fe17470a0fdf53691fa5a3d','gabrielarg150903@hotmail.com','15022005','F'),('02385215080','VITORIO INACIO GRAMINHO GARLET','dd90fcf55424b1fed53c9b931ed135e9','vitoriogarletofficial@gmail.com','27082003','M'),('02425352082','PRISCILA FREITAS DO COUTO','5839d7799d02d896fe9fc79492a4c300','piicouto@hotmail.com','16011991','F'),('02443271064','ISABELLA BRIGNONI WINSCH','7cecd9542eeb77fe6315a9b235509a58','isawinsch@gmail.com','25112003','F'),('02443725006','JAISSON DUARTE','8bbe82dcadf064e8d24b1b6cececa18c','jaisson.duarte@ibiruba.ifrs.edu.br','20031990','M'),('02455138097','MARIA PAULA DE CARLI HANEL','facbaee881f697614158248cb239f985','mariapaulahanel@gmail.com','19042004','F'),('02455211002','JAÍNE GABRIELA KÖHLER','55f39cd865b9df1644b3b971dffd3403','jaineg.kohler@gmail.com','03092003','F'),('02455220001','ELTON SAND','2f9ef9e860380cdf799ba2de79de8dde','eltonsand749@gmail.com','12061990','M'),('02456764064','KELVEN KLEIN ROCHA','1a3ec90a3039c4d019004b1a8f8dbb7a','kelven.rocha@ibiruba.ifrs.edu.br','18061991','M'),('02471651070','GABRIEL DE BORTOLI LOURENÇO','5463d8646a130b76ce899520ef171668','gabiblourenco4@hotmail.com','10052004','M'),('02480457095','THIAGO GUARESCHI','ab957c58d830d036e99de805120daab3','thiago.guareschi@ibiruba.ifrs.edu.br','06032000','M'),('02489237063','LUIZ PETRI JÚNIOR','60ab5d3722cae2d30ebee71aae1b84dd','luizpetrijunior@hotmail.it','17021997','M'),('02504376006','JOSSANA RAMOS ROCHA','34bfaa48e1df47c1ece0cd982683b148','jossana.rocha@ibiruba.ifrs.edu.br','25111990','F'),('02510114026','PAULO RICARDO DE PIETRO DOS SANTOS','ba7d25b036f687b3f946e950b1dc553c','paulo.santos@restinga.ifrs.edu.br','16071990','M'),('02513763033','EWERTON HOFFMANN CARDOSO','a7a99a4daec17e6d23dd671c4d537909','ewerton.cardoso@ibiruba.ifrs.edu.br','03011990','M'),('02528745010','LUIS EDUARDO POSSENTI CORDEIRO','0529d04400eb6c6f301b8d61174b5747','luiseduardopossenticordeiro@gmail.com','18052001','M'),('02568981032','VICTÓRIA STAUDT ZAMBONI','ab826055815e9bd1e8713ac27736c354','victoriastaudtzamboni@hotmail.com','10052005','F'),('02623532028','MATEUS LOBLEIN NICOLODI','94450a764b601f3deca44a4a0b63d9fd','chuninqualquer@hotmail.com','05082003','M'),('02626347086','GUILHERME BONFANTI DA SILVA','ca38c8ea666d9fb47badb3aca3afe41f','guilherme.bonfanti04@gmail.com','16092004','M'),('02637371013','ANA MARIA SCHMIDT RIZZI','ba7bcd9cc672cc9a362191443664fbe7','anamariasrizzi@hotmail.com','27072004','F'),('02675567051','ALINE SOUZA DOS SANTOS','832e0ca56ba6856bf3c726d7115dd6e5','linnysouza@hotmail.com','29111995','F'),('02690224062','RAYSSA ROCHA DOS SANTOS','f4aee210c0ae3683d4d93d8fceb7eb8f','cyssinha16@gmail.com','03102000','F'),('02699474002','JARBAS JURISCH PEREIRA','c1aa24b0e0f7c4be55e00fca865f776b','jurischpereira@hotmail.com','24111990','M'),('02730587039','GIOVANE WILKE CAMPOS','ac425ff5e15e093c63a7cab6b4e83ac7','giovane.wcampos@gmail.com','01121993','M'),('02750935067','MARCELO GUILHERME SCHWEIG','60795a7b0eb6b6bd6dd985f6f02df02d','marcelo.schweig@ibiruba.ifrs.edu.br','11111991','M'),('02764410018','RÔMULO SIQUEIRA','c8209da37bd4cf196e48ddedc26e4006','romulosiqueira1@gmail.com','19121991','M'),('02815324008','JADER VIANNA LEAL','296f4a8b443168faf3d61ac524ac5fbb','viannajader12@gmail.com','12061992','M'),('02822572097','EDSON JUNIOR DE LARA','2fc9d524b3ffabc67d2914f521824c42','delaraedson5@gmail.com','10041991','M'),('02848269014','JÚLIA VITÓRIA GIACOMOLLI','c59406e3d6a01c6ce9a7b6ff6af5912e','','08102004','F'),('02851371070','DIANA BRAATZ','1a819a50ff9565fcd315b26cb8c8a488','dianabraatz1998@gmail.com','01071998','F'),('02851427040','GUILHERME SCHIRMANN BARBOZA','47038b54d2c132873e94109364e05cb7','guilhermesbarboza@hotmail.com','29102001','M'),('02859411003','ANGELA LETICIA DE ALMEIDA FREITAS','c965492a50b519451be98427ea60397b','angelaalmeida199@gmail.com','07091998','F'),('02928058028','LUIZ HENRIQUE NICOLODI','45034ce8e9e2f04fc492f1fe20ae8b90','nicolodi.luiz@hotmail.com','26021999','M'),('02967374024','NATANAEL DA SILVA MARANGON','8f9b72c73a7f8ad7f77dd5ebd1263615','natanaelsmarangon@gmail.com','03041993','M'),('02969443007','LORENZO STAFFORTI GUEDES','a25c51614e6a36116121dc70b8513136','staffortiguedeslorenzo@gmail.com','29012001','M'),('02971514013','LUIS FELIPE DE MARIA WEIMER','6707d7f2717e82eb30a4fa20bd72a936','luisfelipe.lfw-@hotmail.com','17111996','M'),('02985468094','FERNANDO AUGUSTO PORT','f5bdb9c63233a9edc57a8f5f7758259e','fernport@gmail.com','12051996','M'),('02995500012','DJESSICA FERRAZ','f6c411cd5dd2818df613b4b99212a86a','djessicaferraz@outlook.com','27021992','F'),('03002744085','MATHEUS HERMES NEU','ae01ae783f9f7bc40beb5e692c63b4fb','matheus.neu@ibiruba.ifrs.edu.br','25061994','M'),('03030436012','ANA CLARA GIACOBBO DA CUNHA','567a9d26bf9d2850b53755ec30fe3b47','anaclaragiacobbo@gmail.com','15032004','F'),('03042403033','BRUNA BUDKE','7cecd9542eeb77fe6315a9b235509a58','brunabbudke@gmail.com','25112003','F'),('03044876001','MARIA CLARA KONRAD','e6d2c5f011ceccb6066cceccde47c66f','konrad.maria@yahoo.com','15122004','F'),('03072383006','ANDREI MANFRIM','6b5cbf31814f4c259a120aeeb47c6ea2','andrei_manfrim@hotmail.com','23101996','M'),('03076596071','GIAN PAULO VIEIRA','424dc738eead644a15466a45a59b1525','gian.vieira@ibiruba.ifrs.edu.br','16061995','M'),('03089462001','VAGNER KRUG','021a18ad08f4ba4e17922270214319fa','a@a.com','11102004','M'),('03112789067','FERNANDA TAIS GEHRKE','658d7a8d149768a1943201963144cdc6','fernandataisgehrke@gmail.com','03052004','F'),('03118365005','MURILO CAUÊ BOHRZ','3431431426355d9ee090e44d6d54519e','murilobohrz.caue@gmail.com','12052004','M'),('03126281028','YASMIN INÊS BORGES DA SILVA','7965d8c4c1b566b230040ddaf7c68803','yasmin.borges.04@hotmail.com','22122004','F'),('03130276092','JORDANO FERRARI','c71b3dbd3fa0035c5bee48a257662c86','unrs729@gmail.com','17121999','M'),('03132002038','LAISA SONDA','bb2bb77067bfe09f719cfd02a4978041','laisasonda@hotmail.com','04122003','F'),('03133684060','LUCAS MÓRISSON LORETO MACHADO','51174835bd9c49c28ef51209d8d4f755','lucasxp130@gmail.com','11062001','M'),('03157668080','IAGO MOCELIN DA SILVA','da85f5327ada74200ea5249bdfa7eeba','iagomo.outubro@gmail.com','04102004','M'),('03177150036','AMANDA TIRLONI DELLAY','88511724375b3e201544346495d2d9b7','amandatirlonidellay@gmail.com','13042002','F'),('03221396007','LÍVIA SCHEMMER BRAATZ','bbb922a3f274ffd03bd9dc5285a530eb','liviabraatz2004@gmail.com','30012004','F'),('03234433038','LESTAF SANTIAGO PEREIRA PIMENTEL','f12181fa247bd829cb96a40bb3bf4426','lestaf10@hotmail.com','10122000','M'),('03260715045','JOÃO VÍCTOR ALVES DA CRUZ','3c29b7047bfc62b153417544df8d40e4','joao.dacruz@ibiruba.ifrs.edu.br','29042000','M'),('03296013008','FELIPE RAMON RICHTER','18640584da94ce0ce93598fca7889ff6','felipe129@gmail.com','23061999','M'),('03297698047','GABRIEL MISSIO DA SILVA','21a8d8619a17d41817730d8a6230863a','gabmissil@gmail.com','15022001','M'),('03300895014','ANA CAROLINE BRAUN KOLLING','0849a2921810983c0ad3757e199e3b94','ana.karolini@live.com','09051998','F'),('03308646021','DAWBIANY BEATRIZ GÜTHS','ac7ed234c0b3974f3d938f1dcd24e72d','biaaguths@gmail.com','22081997','F'),('03310951065','PEDRO HENRIQUE ROCKENBACH BRÖNSTRUP','cadd9263eb79f6864c047e4736526e59','pedrohbronstrup@gmail.com','19082003','M'),('03323426037','ANDRESSA RIBEIRO PACHECO','7ceffdff3bf9806e89beed09bb8376c1','andressarpacheco@gmail.com','04091994','F'),('03323634063','MARCEL LORENZO DE PAULI HEINRICH','9dcffdb9088c7e5809e083a97a4a4554','marcel.henrich@ibiruba.ifrs.edu.br','10091998','M'),('03375517076','LUCAS KLEIN SCHORR','283bc41224b84836136abaedc2556824','lkskaka2011@hotmail.com','21101999','M'),('03384833066','KALVIN DE SOUZA DE OLIVEIRA','fd51e980f0d59e9c4f037ebf82e8bf99','kalvin093@gmail.com','14011993','M'),('03396857003','LEONARDO BATÚ MACHADO','7ddd38e2c735c04ea415583b04de7cad','leomachado8615@gmail.com','05031995','M'),('03399215010','DONATO MANOEL SCHWANTES','631c577c9dacd6dab0e3f32ac6359b12','donato.schwantes@gmail.com','28081996','M'),('03407163045','LAURO FERRAZ DE ANDRADE JUNIOR','1a6a5361b2cff5f21ef7e19f05033d93','lauroferraz33@gmail.com','18091998','M'),('03409884017','TAUANE MATOS SCAPIN','774a8013ecf90d3acd6f350e605719dc','tauscapin79@gmail.com','11051999','F'),('03413930028','WELLINGTON VINÍCIUS DAS ALMAS','573dc0697805c2234e4d24de6227f4d7','wellingtondasalmas@gmail.com','19011998','M'),('03415115011','JÉSSICA BETINA GORGEN','9456abca29ea198eb1160608409b6935','jessicagorgen02@gmail.com','14042000','F'),('03419968078','MARIÉLI OLIVEIRA','5977c687e00dc30cb46b2fb47758eff5','marioliv-95@hotmail.com','06021995','M'),('03420223005','GRAZIELE BERTINATO','bf16d2e0661750a01881f025ba720ee5','bertinato40@gmail.com','22061994','F'),('03424827002','IURI CRISNEI KUNZ','e3bb23f526f5f790368c8f7338599c4e','iurikunz@hotmail.com','24022000','M'),('03431376070','EDUARDO NUNES SILVEIRA','d22270fed0c2f8154ca484ca3acbc945','guganunes94@icloud.com','06121994','M'),('03431659101','ERICA AMES DOS SANTOS','4ea5c3fce4453833bf76606949b52ac7','ericaames@hotmail.com','23062001','F'),('03434687009','LUÍS HENRIQUE LÜTHEMEIER WENDLING','c38bb20f466251bcbe51e5d0094dfde3','luishenriquegremio@hotmail.com','09012004','M'),('03443804080','GABRIEL AUGUSTO ECKERT','1f3d7260473f1880aedb3c68707fcdf5','gabrieeckert@gmail.com','10082005','M'),('03473193003','MATHIAS WIEDEMANN','a05ad4e1f841a51bdadb033da377bf22','mathias.wiedemann@ibiruba.ifrs.edu.br','24071997','M'),('03485106089','CAMILA SCHMIDT DE CAMPOS','22726bb2192ba930d115cd7db7390b26','camilascampos96@hotmail.com','27021996','F'),('03489961013','ELISANDRA BEATRIZ GUNTZEL','aaa723af55fb2370ae8727496b465e4e','elisandraguntzel29@gmail.com','29051996','F'),('03492491138','MARIA EDUARDA KLEIN','ed0fa563a9ef32af00b8f25288e13b1a','kleinmaria971@gmail.com','01082005','F'),('03534046080','GUILHERME WOHLENBERG DE SOUZA','af7815faeb5577bd7851572843a89287','guilherme.souza@gmail.com','27112003','M'),('03534270045','BRUNA EDUARDA FREDRICH DE SOUZA','be9755332cac373113df808530425e01','bdesouza224@gmail.com','24081999','F'),('03554425079','EMELY BERNARDO VIERO','2a15c5e8aefb9cb9be4fa6e581b612b0','emelybernardoo@gmail.com','17022005','F'),('03559453046','MATEUS MEDEIROS DA ROSA','9aaccb53abf535ead58372a8f0343721','mateusdarosa@outlook.com','09011999','M'),('03565414014','TAMARIS DA SILVA SANTOS','3eb01c7d19a389358f8a38bfeb6aafce','tamarissantos1998@gmail.com','19111998','F'),('03570579026','FELIPE HENRIQUE DA CRUZ','4ab116cd88b9f32685cd8acdc5381e15','felipelord16@hotmail.com','17111995','M'),('03571382013','ISABEL IRENE PREDIGER','3de2952d692b3649d39b0e68e02b4e5c','isa.prediger@hotmail.com','19111999','F'),('03584723000','ANDREY ALEXSANDER TELES DA ROSA','142ca42517c6197ce366a762e8f9a668','andrey-telles99@hotmail.com','23061995','M'),('03591975079','TAINÁ KUMMER TERHORST','bdd7f5483457f996a76be6df8deca6c3','tainatkummer@gmail.com','16082000','F'),('03598317026','STEVAN LUÍS REIS','d8a4cb6f15cf512c98a0a59e76e9c2cf','stevan-reis@hotmail.com','14072003','M'),('03599619085','KAREN BIANCA PLENTZ','b6479847b740cff197c21cf47009871e','karenplentz12@gmail.com','12122004','F'),('03599626022','GUSTAVO HENRIQUE MALDANER BAUMGRATZ','ac9afcfa02b0d2df93593ad13d197035','gushenriquemb@hotmail.com','02092001','M'),('03604042003','CARLOS MIGUEL BONACINA','88e3d673332f50521be9518bce5efbd5','carlos.bonacina@ibiruba.ifrs.edu.br','28091998','M'),('03604401003','AMANDA EDUARDA MÜLLER','c022ccf638a0fece273d90b04b0bc1b7','amandamuller45835@gmail.com','27032004','F'),('03607065098','LETICIA BERTINATTO','fbb37c64e99121fdc3ef50cc420e4dd5','leticia.bertinato@ibiruba.ifrs.edu.br','01111995','F'),('03612769073','WILLIAN FRANCISCO ROHR','86e1099b5607f18a8c4966729457250d','willianrohr503@gmail.com','08101997','M'),('03620407029','JOÃO ARTHUR DE BORTOLI DO AMARAL','204b82e7e3c64fb20e1679d3cf2e5383','amaraljoao069@gmail.com','12051999','M'),('03620490090','BRUNO CÉSAR KLEIN','1455125e939677902a570ddd2f601418','bruno_cesar1@hotmail.com','11091995','M'),('03648525000','DOUGLAS ALEXANDRE RIBAS','154cf07d25a94aa4bd21099dab24fe2a','dogaribas@gmail.com','19021997','M'),('03702008020','OTOMAR FRIELINK JR','e15e94a29573e6efe6fb6b0eda389854','otomarfrielink@gmail.com','28051996','M'),('03722013003','RAFAEL VILMAR ALDEBRAND','708f6144dc746492cc898595befd2f91','aldebrandrafael@gmail.com','22062004','M'),('03736860056','CARLOS AUGUSTO VALDIERO','bc0b1b3851198f4dad73accd7c5beda8','carlos_valdiero@hotmail.com','09121996','M'),('03742118099','WESLEY JONATHAN DE OLIVEIRA ANTUNES','aea0a834568e23215ff6261d2a0bd852','antuneswww@gmail.com','02071994','M'),('03749668000','IGOR SCHNEIDER','f48fc63db4cfab56efae7a6d38213f33','igorsschneider@hotmail.com','14101998','M'),('03749824061','CARLOS EDUARDO ROCHA','68920829085c66a37949150132150e01','carlos.rocha548@hotmail.com','03012002','M'),('03772656080','YURI FELIPE DA ROSA','6b19df10edd425d82cc111564ef499d0','yurifelipe1121@gmail.com','20032002','M'),('03773709080','SAMUEL FERNANDES SIGNOR','adf24e134fe17470a0fdf53691fa5a3d','samuel.f.s.511@gmail.com','15022005','M'),('03783865069','GUSTAVO POTT DE OLIVEIRA','436f31f6326c51c0c39aeae10333b59b','gustavo.pottdeoliveira@gmail.com','15012005','M'),('03783992095','HENRIQUE FREDRICH','312a4c6b07f33888192b0368dc2fde39','henrique_fredrich@hotmail.com','26011994','M'),('03784341012','FERNANDA PINZ PUCCI','07f9282006344e8144044d45ac237f48','fepinzpucci@outlook.com','28022005','F'),('03784469086','THAMYRES HAASE OLIVEIRA','2a9183eb052cde8b5624fe4126660014','thamysoliveira@yahoo.com.br','02032002','F'),('03784478077','RAFAELA DE OLIVEIRA CAMERA','adf109ca632550c58560d3142bf4b2a5','rafaelacamera2004@gmail.com','15082004','F'),('03793233030','JONAS DA SILVA SCHAEFER','80a6992344801f5fa6563ed5bad4c938','jonasxmaster@outlook.com','28071997','M'),('03795283043','YASMIM MARCENA','e4c557fdc0345d4f514d4337a1ea1367','marcenayasmim91@gmail.com','21092003','F'),('03795366097','ÉDINEI MIGUEL GÖRGEN','93d9fc6b0f936aee20cef4dd1367f7d6','edi.gorgen@hotmail.com','09102000','M'),('03823981064','BRENDO LUIS JUNGES','e3fbbc3fb16005881dee6da37065d5d7','brendoluisjunges@gmail.com','18102003','M'),('03832342044','GABRIELY HUBER MAGNI','029dc2ba259cb0bbd88fed9ac78d7a21','gabrielymagni@gmail.com','17062004','F'),('03852220092','ALISSON LAVA','0c57313e17af0a51e43f90c3b171c98f','alisson.lava@gmail.com','08061999','M'),('03855762007','MARCOS GABRIEL DE OLIVEIRA ABREU','9b912829e8e6cc0efc9b30a4ed569a4c','abreumarcos13462@gmail.com','17092004','M'),('03858005096','PEDRO HENRIQUE SCHWEIG LOPES','86e125c9f3f999441ee9870d87ed9034','pedrohslopes12@gmail.com','03012003','M'),('03865903037','JOAO VICTOR WERLANG','607c88a147ed900193f6a73e777ec58a','jvwerlangoficial@gmail.com','12032004','M'),('03866390009','THIAGO HENRIQUE URBANO DOS SANTOS','ae57d3a26a5a983afaa9acafe84e10c8','urbanothiago123@gmail.com','22022005','M'),('03873026031','LORENZO IUNG ANTONELLO','a8a1783faa7bb927f2956de398979cd8','lorenzoantonello201@hotmail.com','10102003','M'),('03876120098','HELENA DIAS DE QUADROS','3bb6c6776b3f4aead74bd7f580f0e771','helenadiasdequadros@outlook.com','25052004','F'),('03879651060','TAINARA CAMILA KRAUSE','44f74e97375a18f6bbc1c5d2999f08fe','tainarakrause15@gmail.com','14062000','F'),('03890379079','JULIANO AMARANTE DA ROSA','5dc74a221b0fe5a79ba85ab8d4f3d79d','juliano.amarante@hotmail.com','28021995','M'),('03911229089','OTÁVIO DURIGON COCCO','327fba8fa383411588b159a69f3be44c','otavio.cocco@gmail.com','21112003','M'),('03912137099','BOLÍVAR FRANCISCO BRAGA','714f4b42a1c1ab0655db93fd7ee3ee77','msumib@yahoo.com.br','21072000','M'),('03912729000','MILENA ELICKER','5275193f6f56c36025f35234966b1eab','milena.elicker@hotmail.com','30072000','F'),('03914671076','LETÍCIA ARTMANN FEIL','e726de96cb6de270c0149c6122e487c3','artmann.leticia@gmail.com','13032000','F'),('03915717029','WILIAM FERNANDO SAND','3f6350b3d264a878d36c009375f0a292','wiliamfs@gmail.com','17092000','M'),('03926386061','DANIEL FELIPE KLEIN','427118e889a89a842d5ed7f3cbc50a96','d.felipeklein@gmail.com','27052004','M'),('03929276089','MAIK WILLIAN FINKLER','607c88a147ed900193f6a73e777ec58a','maikwfinkler@gmail.com','12032004','M'),('03932675045','NAELI SCHEFFLER DA SILVA','a83ee532091d40685b7722673d040946','naelisdasilva@gmail.com','08072001','F'),('03941626094','JOÃO VITOR DA SILVA','0a4b3bf68b6e797250ba9f61c3850932','jdalpicio@outlook.com','19042005','M'),('03949165061','LUCAS GARCIA RAMOS','90b7820ffde97d182a5fb5125f6c9eee','lucas244466666@hotmail.com','13082003','M'),('03949285040','JOSÉ BOLIVAR GOMES GREGO','91483f1c341df363b579e63b7b330c7c','josegomes.grego@outlook.com','27071995','M'),('03954096080','EMERSON NEVES PEREIRA','6ebe76c9fb411be97b3b0d48b791a7c9','emersonneves@outlook.com','25031996','M'),('03955180085','ANA CAROLINA MACHADO','c5a88e73cde602064d082fd3b711b181','machadoanac07@gmail.com','25012004','M'),('03955935060','FERNANDA KRAUSPENHAAR','a6794e66770dd967f8873802ea5f434d','feerkraus@gmail.com','18061997','F'),('03957406064','AMANDA TIRLONI BOTH','e03359d93bb623525dae3b96a9403785','amandatboth@gmail.com','05032005','F'),('03962357009','ATHIRSON LAMONATO FERREIRA','856e1a85bd09e4f77e0e0922264403af','athirsonf10@outlook.com','23092000','M'),('03962526056','RAFAEL DA SILVA GABRIEL','58e8e828055f94f3c5f6d3d965762138','rafaelgabriel882@gmail.com','01082003','M'),('03962537090','HERICK RITTER GRAVE','d932e6b4ac2841420ad7d563740d1fa3','miketailaom@gmail.com','13092003','M'),('03981733037','TAIANE MAÍRA KUNTZLER','40d507233da563288c05f6bbcd5ffa17','taianemkuntzler@gmail.com','18112003','F'),('03996896050','ARTHUR PIERIN PENZ','d3c1ae035bd5d885a214bb3966546734','eu.apenz@gmail.com','07072003','M'),('04000367030','HENRIQUE SCHRÖDER COMIN','422ae2769845f8ac1b1c267df40a59ad','henrique.comin088@gmail.com','12012001','M'),('04000881000','VANDRA BATÚ TERHORST','49f2953046a449d607c5626becef873f','vandra_bterhorst@hotmail.com','10081997','F'),('04006562055','LETICIA JUNGES RODRIGUES','ad5886ce04af797085f20d937dfa2bc0','leticiajunrodrigues@gmail.com','13012004','F'),('04018632045','CRISTIAN RODRIGUES TELES','78942f9b8dade19ee0695f59c1279d8d','cristeles170@gmail.com','17082000','M'),('04029009018','IGOR FERNANDO GEHRKE VAROTTO','4a30c7dc09d099f4b92cd8e9f3e488dd','igor_varotto@hotmail.com','27091997','M'),('04032222061','GABRIEL AHLERT','1c079e22f43d02afbe9d3954c2f0d802','gabriel.ahlert@hotmail.com','26051998','M'),('04048848062','BRAYAN MIGUEL GARMATZ','f0b627d53b82b1cd9b65c42cfa8b373e','a@a.com','05082004','M'),('04049298007','EDUARDO VIANA','f5b59cbe9a05b7f06bc69510af70ec6f','eduardo15viana@gmail.com','03122000','M'),('04052649095','LUCAS LAMMEL','15a45e36649b789bf9e5c7734a8beff1','lucas.lammel.ifrs@gmail.com','26082002','M'),('04059724076','NICOLE GÜNTZEL','7cbae143b5a3f9e4a0bb9570e7fb2e6a','nicoleguntzel@hotmail.com','19032005','F'),('04060140007','BIBIANA CORRÊA WOTTRICH','629a64e3e78d60a963e989ccfef3f7cb','bibiana_wottrich@hotmail.com','16062003','F'),('04060919004','BRUNO HENRIQUE DOS SANTOS PEREIRA','f83678396c2f729102ec79c3888622eb','aikamacro@gmail.com','28112001','M'),('04061874012','JEAN THAYLON DRESSLER','52bab122c18251b3f32522b379e6f3f7','agarnoobyt@gmail.com','17072003','M'),('04065293022','LUIZA LÜTHEMEIER DE MELLO MESSERSCHMIDT','94243b528d2172717cee07d38790eef2','luizaldmm@gmail.com','10122003','F'),('04066477046','PÂMELA GOMES DOS SANTOS','f0b627d53b82b1cd9b65c42cfa8b373e','pamelagsantos217@gmail.com','05082004','F'),('04066486037','MORGANA GÜNTZEL DOS SANTOS','8ec3f19e0226089dc1d6c7d8add1aeb3','elianamarisa@msn.com','01102004','F'),('04066585019','EMANUELI DE ESCOBAR DA SILVA','f83678396c2f729102ec79c3888622eb','emanuelidescobar@gmail.com','28112001','F'),('04066776035','THAIS DA SILVA REIS','5777e2f1c7fd60f380ea88cd30962443','silvareisthais15@gmail.com','24072013','F'),('04082031022','CAETANO AUGUSTO DE MATOS','15f39e3b5d266a5ebba685ab27c4f395','caeaugusto1302@gmail.com','13022004','M'),('04087077047','ALEX JEAN LEMES','6a4932d3f2787d25a04b758ba68e9db2','alexjeanl008@gmail.com','14112000','M'),('04087570002','ALINE EDUARDA IORA','dc2e44dacc6b8936891569ac0d053c59','aline.iora@hotmail.com','08022002','F'),('04098844052','LUCINEIA BRAGER ALTMAYER','0b68aeaf1512c2894b8c9022f45b5b8a','lubrager@gmail.com','13102003','F'),('04113645027','AMANDA CAROLINE BUDKE','de497e3768271402b36743425dcdb50b','amandabudke@outlook.com','27061998','F'),('04113803030','GUILHERME FLOSS MEGGIOLARO','248ad10d114dec5a0ff184548fad4eda','gui.meggiolaro99@gmail.com','11111999','M'),('04122197007','TAMIRES ALANA WEBER','90c70fbd9abfede967294c882c8cda5d','tamiresalanaweber2003@gmail.com','10092003','F'),('04136374097','DANIEL MENDES DELAZERI','0535ce1d2af22edff4e3a1b5c2fd6c32','danidelazeri@yahoo.com.br','15102003','M'),('04161239025','AMANDA MOTTA DORNELLES','3c6b69364acf5d963fa6c62d27fc6e79','amanda.mdornelles19@gmail.com','19122003','F'),('04174086095','GUILHERME LUIZ VIEIRA','0e75cb9e7c1b2f7287a9a0be3214aaaa','gui.vieira27@hotmail.com','27012005','M'),('04181122077','JOSÉ GABRIEL DA CRUZ','cdab9ab66b2385af2651e0b04d22b4e1','gabitipo72@gmail.com','22031999','M'),('04214699009','GABRIEL LUIS VOGT','a20006dca73c030acdff8fa935309acf','vogtgabriel413@gmail.com','26012004','M'),('04220865098','ANDREI DA SILVA PEREIRA','33698d6e2bb6bd13bc340d48de0c6882','andrei.s.pereira.ibi@gmail.com','24011999','M'),('04224478030','CHARLAN DE OLIVEIRA MATTER','3f3536e06d37790c66acaed5606f39ad','charlan.matter@ibiruba.ifrs.edu.br','02022000','M'),('04229663048','MANOELE JARDIM MOHR','3425ca32e251c06ca116852b4ea2a08a','manu0410111@gmail.com','21011999','F'),('04239816092','GUSTAVO SOUZA DA MOTTA','0a16aaee1eea125323bc11fe3f246a28','valdirmotta1@hotmail.com','02052003','M'),('04247535021','RAFAEL LAUXEN PASTÓRIO DA SILVA','3a7085836a981b2019e43d23d3440fea','rafael.lauxen@hotmail.com','19062001','M'),('04254510039','RAFAEL MÜLLER GRUHN','46f2513746bb40fff4ab8ffed87068b0','rafa.gruhn@gmail.com','04031997','M'),('04285099080','LUIS GABRIEL REICHERT DOS SANTOS','fa4b7153f82ef95392a510e06eb9b2e9','reichert.lgs@gmail.com','07042004','M'),('04288868092','KAORY KLASSMANN DREWS','b6479847b740cff197c21cf47009871e','kaory.drews@gmail.com','12122004','F'),('04294434040','JOAO MARCELO RABER GOMES','35658aa30f59a0082057c288fdb5fe24','joaomarceloboss@gmail.com','14092003','M'),('04299993055','RAFAELA SANDRI XAVIER','3c6aadca5a1898e04ddf743afe7c8c94','rafaelax96@gmail.com','14012001','M'),('04302409029','SAMUEL DOS REIS','54b76f651b7f7ae5e91ce5138bbff404','samuelreis890@gmail.com','15032001','M'),('04325657010','CAMILE LUCIANE MACIEL GATTO','ee05bb987fae16298838108c26a9d09d','camilegatto@hotmail.com','16092003','F'),('04349801022','PEDRO LUCAS SPALL ANDARA','ea34fba42a6e5b66d4414eccc0abbfc2','pedro.andara@hotmail.com','19092003','M'),('04391087057','DYENIFER RODRIGUES ELICKER','97eb17af63ac5311baf637c0c6403aad','dyeni_e@hotmail.com','27062003','F'),('04391598060','MARINA LUFT','f9db16164c7b085d880efa104ef0729d','marinaluft43@gmail.com','02092004','F'),('04393766024','GUILHERME PEREIRA PALMEIRA','cf234a06336b765fa9cd79841cab7d2b','guilhermeppalmeira@gmail.com','27122004','M'),('04414395003','MATHEUS FERREIRA PEREIRA','ae6df0ec42fec69b1981271dc7d37f82','umilover@outlook.com','15022000','M'),('04439707009','FELIPE FERNANDEZ DA SILVEIRA','99d75728872801b7c2cdd093fec61634','felipe.fernandez141@gmail.com','17061999','M'),('04439978029','ISADORA FREDRICH','9447c6d4eaa62569055ba69a66d6f003','isadora_fredrich@hotmail.com','14101998','F'),('04463411009','ALINE ORSO LUDWIG','713bbd6f028eba1e36ac10e842d1072e','carlaejaco@uol.com.br','27032005','F'),('04464318002','HIGOR MOREIRA','509d239f79e3132835405fd68aebffc0','picachuexano@gmail.com','04011999','M'),('04465791062','LUCAS CANOVA PERIN','55c90dbb72e0d07e57d2b35dee486365','perin.canovalucas@gmail.com','17022004','M'),('04489537301','PABLO ANTÔNIO GOMES','ef7481dc884f4459025a71f764997b6a','pablo.gomes0609@gmail.com','06092002','M'),('04526960039','LEONARDO KNOD PINO','787f56b738177a45b2759932b3e53bac','www.leonardolionleo@gmail.com','22102002','M'),('04583837089','ANDRÉ JOÃO NATALICIO','208f503c1affa4aa0d4d3288d1eb90a2','andrejoao167@gmail.com','29082000','M'),('04626061044','MATHEUS DRUNN DE LIMA','620b01bde6919f5e5b0c0d58892156e9','teuxbf4@gmail.com','29052004','M'),('04649606063','GÉSSICA DA SILVA','d0a23a775b124518f5ec841753e1daf2','gessicasilva638@gmail.com','21012000','F'),('04716254003','DANIELLE ECKERT KUHN','ad81acece9b1b9ecf91cab2857feb23b','daniekuhn3@gmail.com','19102001','F'),('04722968098','EDUARDO CRISTIANO HÜTHER','69a064ab8f1ef454bf211bf410f90dc5','eduardocristiano2011@hotmail.com','08122000','M'),('04752055023','ANDRESSA LOVATTO SOARES','35beb371b207e0da17d4ab9b23e85e65','deda_soares03@outlook.com','18042000','F'),('04761252006','LORENZO NOSKOSKI FERRARO','862e116b827f3f0bb595c04172773ec5','lorenzoonosk@outlook.com','24042000','M'),('04764964112','ARTHUR DA SILVA KATZER','de8bab130a3b2dbf284aa00b55e920bd','arthurkatzer@gmail.com','08082005','M'),('04773387041','FERNANDO RÖPKE NEIVERTH','bf98b20f90e6e66535ffce5ba4ffecec','fernando.neiverth@hotmail.com','24112002','M'),('04780613078','RICARDO KAUE BOHRZ SCHULTZ','d8adcef35d0c71a243f98535ccc98f7e','ricardo.k.schultz@gmail.com','06042001','M'),('04804077030','JOSIAS ALEX KUHN DEI SVALDI','d57c9a10dbb57eabe743642670f591a1','marcosalexdei@gmail.com','22011999','M'),('04810118037','EDUARDO LAUXEN','191905f8b141c12361cf30ac4d476761','edulauxen4@gmail.com','08012004','M'),('04831917010','PATRÍCIA FIOREZE','1ced65d3121309f11e4230dcccc65b05','patriciafioreze12@gmail.com','13072000','F'),('04836249007','LUCAS OLIVEIRA DE SOUZA','a1d96fed0d5e0b29dab577958f067a03','lucasosouza66@gmail.com','01072000','M'),('04847493079','TIAGO DE LEMOS SOARES','c350081e964298735679d4ca07161243','tiagolemsoa@yahoo.com.br','20022004','M'),('04847510003','ARTEMIO CIPRANDI NETO','53b69e9ed05a232c7756773a5f8aa648','trpistori@yahoo.com.br','17042003','M'),('04871688011','LUIZ HENRIQUE KELLER','406e409addee174c98578b662200896a','luizkeller2@gmail.com','07032001','M'),('04880491055','EMANUEL DE LARA RUAS','68920829085c66a37949150132150e01','emanuelldelara@gmail.com','03012002','M'),('04925501070','FABRÍCIO DEBORTOLI MENDES','076873a9039c1e980078fbbafe19cfeb','marta.debortoli@cotriba.com.br','20012005','M'),('04950491075','RAFAEL FORCHESATTO','d0dea6d5ff270d9ad562d7551b28e555','forchesattorafael@gmail.com','07082004','M'),('05031939095','MARIA EDUARDA DE SOUZA DA CUNHA','0b886f59c18a3fd973ff648ac9ec6889','paulo.bcunha@hotmail.com','02022004','F'),('05034339005','JEAM CARLOS BRAUN','086f4faa1fb128694eaf76741a74ec3c','jeamcarlosb@hotmail.com','13122001','M'),('05084841030','MARIA EDUARDA MARTINS DAS CHAGAS','b575f632314640b4d64e05d1dd513e68','dudamchagas@gmail.com','11122003','F'),('05117770005','LAUANY VITORIA SANTANA','777426a086f3e4f71604ef6961c4a5ff','lauanysantana90@gmail.com','18092003','F'),('05119037070','GABRIELA KOCH DREHMER','1a232e05b633559ecd10a06c189e4f30','gabidrrehmer@gmail.com','10012002','F'),('05127305046','LAURA OLIVEIRA DA CUNHA','d0d1e6cae943bddd768fa598b38c71ed','oliveiradacunhalaura@gmail.com','27102004','F'),('05141014070','MATHEUS FIOR PEZZINI','716e2cd1b7afc0a5739a7146c4c14c88','matheuspezzinifior@gmail.com','27062001','M'),('05229892099','PAOLA MARIA HANISCH BRUM','094713650c15b9944ffa57c105c4bc8e','paolabrum246@gmail.com','24092001','F'),('05231451010','IAGO IVANIR DALMOLIN','47a66effc4cac95ac2c408225e72c6d9','iagoid01@gmail.com','17112001','M'),('05235538030','KELLY CAROLINI PASTORIO DA SILVA','6a2054f84d539fa301cba438547eaae5','carla.pastorio@hotmail.com','13032002','F'),('05265680039','JULIA CARNELLI DOS SANTOS WEBBER','d0dea6d5ff270d9ad562d7551b28e555','juliacarnelliwebber@hotmail.com','07082004','F'),('05293398113','FRANCESCA ANTÔNIA FUNGHETTI BORN','8fbe0da0d71d632dfe85e231d6c3db5a','francesca.fb@hotmail.com','06122003','F'),('05381833067','SABRINA MEIRELES TAVARES','c228b38f3065943b5e8ec90e29cb2fa7','sabrinatavares947@gmail.com','10072002','F'),('05593520003','EVELIN LUIZA STOLTE','2b111de7b8550fa5f1d7d374284e3228','evelinlaura@outlook.com.br','25072003','F'),('05987012066','BARBARA ALICE WINSCH','75fae2e97a7c82f3631348994f6f49b9','barbaraalicewinsch@gmail.com','14082003','F'),('06384531003','JEFERSON EDUARDO SOUZA DE CAMPOS','32fc6682600d920ff320dceaad602148','eduardodecampos2@gmail.com','21012005','M'),('07410380993','DJENIFFER PERIN MERG','62c675ba6e7d79b3cbdda4e2b3ad0de7','djeni.merg@hotmail.com','29031999','F'),('08472263363','ANY BEATRIZ GOMES OLANDA','4bf203e992b72cd8acfdec0ad146eee9','anybeatriz1002@gmail.com','10022006','F'),('10010079998','PEDRO HENRIQUE GONÇALVES CEOLIN','64ba5f420eca6b38988284c29b279775','pedrohgceolin@hotmail.com','25081997','M'),('11411291913','LUCAS HORBACH DICKEL','3dc70b52f682f77007baed70289dda8f','lucashorbach@hotmail.com','13101997','M'),('30514134020','AIRTON FRITSCH','5d58fb00933df4be624ea0c3b59f378d','afgeologo@gmail.com','07121959','M'),('35277980059','ANELISE MARIA FLECK','5f5178276ca17d005ed00c5a5c9b71b5','isimariafleck@yahoo.com.br','02051960','F'),('43012423842','CRISTIANE REBOUÇAS DE LARA','c4fde887300fb7945f8f22512fa28c00','cristianereboucasdelara.22@gmail.com','13031994','F'),('50636634191','MARCO ANTONIO CERVIERI','9497deabfcfddaf774de875a4980dfe1','marco_cervieri13@hotmail.com','13091974','M'),('60786230010','ANDRÉ ANTONIO SCHOFFEN DE OLIVEIRA','356e4e9e1ca6794c645e2678bb783dbb','a.schoffen3947@gmail.com','25091974','M'),('63581043068','GIOVANI CORREA','8107a3648b25e6f03019727b9d65f819','giovani.correa@gmail.com','01071975','M'),('70338763279','MOUSSA GAYE','bec66c872cdf72d6c858af39322ce236','fatymoussagaye@gmail.com','10101988','M'),('73014346004','MARIA NOELI POLACHINI','446b9a7d4ed43bbf505239cb033d7398','mnpolachini@gmail.com','10121965','F'),('79192882072','MARCELO DOS SANTOS TERRES','7f5afa8c69e80fcc390319a27802f5eb','marcelo.terres@ibiruba.ifrs.edu.br','22101977','M'),('82418683087','FABIO MAX GESCHWIND','f8a5c4c1926f0e41c91d2ec62d04ad6c','fmg.fabio@gmail.com','05081980','M'),('83123504034','ANDRÉ BACKES','832e0ca56ba6856bf3c726d7115dd6e5','apaakes95@gmail.com','29111995','M'),('83214194020','CRISTIANE DA SILVA FRITSCH','45874b84f60134e7bbf35b25db0e27b1','cristiane_fritsch@hotmail.com','09011982','F'),('83220313000','PATRICK JUNIOR CAMARGO','99170d62be5aa45ee24399e09d2ca57e','patrick.camargo@ibiruba.ifrs.edu.br','22051994','M'),('85647926053','MAURICIO DA SILVA VIEGAS','1ad49a705db0ff5af362ff99216c05fe','mauriciodasilvaviegas@gmail.com','06112003','M'),('87552833068','ISMAEL WOLTMANN','6c7f286fdfb258fa67b16cc4a3a5c8ec','ismaelw57@gmail.com','12041998','M'),('87602474015','SERIGNE KHASSIM MBAYE','2c702ef2bb618a3b4e8e4925e514c303','serignekhassim@gmail.com','03121990','M'),('90179862049','JEFERSON COSTA DOS SANTOS','a91d07d9e3106da34e82fe4c6235f0fc','jefcruzalta@hotmail.com','21021974','M'),('96271132049','JOCIANE FREITAS DALCANAL','2b6bf2b14e6868d4cbd0b7d3ca59f683','jocianefdalcanal@gmail.com','29031976','F'),('96480220030','CARINA TONIETO','2566f1474364bca13599f4cdb71f3a05','carina.tonieto@ibiruba.ifrs.edu.br','14091980','F'),('96927550020','JULIANE PAZ GIROTTO','c092ed04548dd1f43254d236fe885dc7','juh.exis@gmail.com','16111978','F'),('98692100072','TIAGO SCHNEIDER DE JESUS','3e9586eb7708f546a816925b186981d3','tiagosj@yahoo.com','03041981','M');
/*!40000 ALTER TABLE `aluno` ENABLE KEYS */;
UNLOCK TABLES;

--
-- Table structure for table `aluno_curso`
--

DROP TABLE IF EXISTS `aluno_curso`;
/*!40101 SET @saved_cs_client     = @@character_set_client */;
/*!50503 SET character_set_client = utf8mb4 */;
CREATE TABLE `aluno_curso` (
  `nome_curso` varchar(50) DEFAULT NULL,
  `turma_entrada` varchar(45) DEFAULT NULL,
  `matricula` varchar(50) NOT NULL,
  `curriculo` varchar(50) DEFAULT NULL,
  `status_discente` varchar(50) DEFAULT NULL,
  `login` varchar(11) DEFAULT NULL,
  PRIMARY KEY (`matricula`),
  KEY `login` (`login`),
  CONSTRAINT `login` FOREIGN KEY (`login`) REFERENCES `aluno` (`login`)
) ENGINE=InnoDB DEFAULT CHARSET=utf8;
/*!40101 SET character_set_client = @saved_cs_client */;

--
-- Dumping data for table `aluno_curso`
--

LOCK TABLES `aluno_curso` WRITE;
/*!40000 ALTER TABLE `aluno_curso` DISABLE KEYS */;
INSERT INTO `aluno_curso` VALUES ('BACHAREL EM CIÊNCIA DA COMPUTAÇÃO','CC2015-2015/2','2015001008','CC2015','ATIVO','00546766064'),('BACHAREL EM CIÊNCIA DA COMPUTAÇÃO','CC2015-2015/2','2015001044','CC2015','ATIVO','02064604065'),('BACHAREL EM CIÊNCIA DA COMPUTAÇÃO','CC2015-2015/2','2015001053','CC2015','ATIVO','03076596071'),('BACHAREL EM CIÊNCIA DA COMPUTAÇÃO','CC2015-2015/2','2015001062','CC2015','ATIVO','02443725006'),('BACHAREL EM CIÊNCIA DA COMPUTAÇÃO','CC2015-2015/2','2015001071','CC2015','ATIVO','01914648056'),('BACHAREL EM CIÊNCIA DA COMPUTAÇÃO','CC2015-2015/2','2015001080','CC2015','ATIVO','02226997016'),('BACHAREL EM CIÊNCIA DA COMPUTAÇÃO','CC2015-2015/2','2015001090','CC2015','ATIVO','02513763033'),('BACHAREL EM CIÊNCIA DA COMPUTAÇÃO','CC2015-2015/2','2015001106','CC2015','ATIVO','01065245009'),('BACHAREL EM CIÊNCIA DA COMPUTAÇÃO','CC2015-2015/2','2015001115','CC2015','ATIVO','03604042003'),('BACHAREL EM CIÊNCIA DA COMPUTAÇÃO','CC2015-2015/2','2015001124','CC2015','ATIVO','02456764064'),('BACHAREL EM CIÊNCIA DA COMPUTAÇÃO','CC2015-2015/2','2015001133','CC2015','ATIVO','03002744085'),('BACHAREL EM CIÊNCIA DA COMPUTAÇÃO','CC2015-2016/1','2016002144','CC2015','ATIVO','03072383006'),('BACHAREL EM CIÊNCIA DA COMPUTAÇÃO','CC2015-2016/1','2016002153','CC2015','TRANCADO','82418683087'),('BACHAREL EM CIÊNCIA DA COMPUTAÇÃO','CC2015-2016/1','2016002162','CC2015','ATIVO','03323634063'),('BACHAREL EM CIÊNCIA DA COMPUTAÇÃO','CC2015-2016/1','2016002171','CC2015','ATIVO','87602474015'),('BACHAREL EM CIÊNCIA DA COMPUTAÇÃO','CC2015-2016/1','2016002180','CC2015','ATIVO','87552833068'),('BACHAREL EM CIÊNCIA DA COMPUTAÇÃO','CC2015-2016/1','2016002190','CC2015','ATIVO','03612769073'),('BACHAREL EM CIÊNCIA DA COMPUTAÇÃO','CC2015-2016/1','2016002206','CC2015','ATIVO','03954096080'),('BACHAREL EM CIÊNCIA DA COMPUTAÇÃO','CC2015-2016/1','2016002215','CC2015','CANCELADO','02026677077'),('BACHAREL EM CIÊNCIA DA COMPUTAÇÃO','CC2015-2016/1','2016002224','CC2015','ATIVO','03384833066'),('BACHAREL EM CIÊNCIA DA COMPUTAÇÃO','CC2015-2016/1','2016002233','CC2015','ATIVO','00602333032'),('BACHAREL EM CIÊNCIA DA COMPUTAÇÃO','CC2015-2016/1','2016002242','CC2015','CANCELADO','00684981017'),('BACHAREL EM CIÊNCIA DA COMPUTAÇÃO','CC2019-2016/1','2016002289','CC2019','TRANCADO','01929599056'),('BACHAREL EM CIÊNCIA DA COMPUTAÇÃO','CC2019-2016/1','2016002298','CC2019','CANCELADO','00392007010'),('BACHAREL EM CIÊNCIA DA COMPUTAÇÃO','CC2019-2016/1','2016002304','CC2019','CANCELADO','03890379079'),('BACHAREL EM CIÊNCIA DA COMPUTAÇÃO','CC2019-2016/1','2016002313','CC2019','CANCELADO','01697563007'),('BACHAREL EM CIÊNCIA DA COMPUTAÇÃO','CC2019-2016/1','2016002322','CC2019','CANCELADO','63581043068'),('BACHAREL EM CIÊNCIA DA COMPUTAÇÃO','CC2019-2016/1','2016002331','CC2019','CANCELADO','02504376006'),('BACHAREL EM CIÊNCIA DA COMPUTAÇÃO','CC2019-2016/2','2016002340','CC2019','ATIVO','98692100072'),('LICENCIATURA EM MATEMÁTICA','LM2020-2016/1','2016002350','LM2020','ATIVO','03955935060'),('LICENCIATURA EM MATEMÁTICA','LM2020-2016/1','2016002369','LM2020','ATIVO','03300895014'),('BACHAREL EM CIÊNCIA DA COMPUTAÇÃO','CC2015-2017/1','2017005632','CC2015','ATIVO','79192882072'),('BACHAREL EM CIÊNCIA DA COMPUTAÇÃO','CC2015-2017/1','2017005641','CC2015','CANCELADO','03375517076'),('BACHAREL EM CIÊNCIA DA COMPUTAÇÃO','CC2015-2017/1','2017005650','CC2015','ATIVO','04464318002'),('BACHAREL EM CIÊNCIA DA COMPUTAÇÃO','CC2015-2017/1','2017005660','CC2015','ATIVO','04836249007'),('BACHAREL EM CIÊNCIA DA COMPUTAÇÃO','CC2015-2017/1','2017005679','CC2015','ATIVO','02851371070'),('BACHAREL EM CIÊNCIA DA COMPUTAÇÃO','CC2015-2017/1','2017005688','CC2015','ATIVO','03584723000'),('BACHAREL EM CIÊNCIA DA COMPUTAÇÃO','CC2015-2017/1','2017005697','CC2015','TRANCADO','04224478030'),('BACHAREL EM CIÊNCIA DA COMPUTAÇÃO','CC2015-2017/1','2017005703','CC2015','ATIVO','03424827002'),('BACHAREL EM CIÊNCIA DA COMPUTAÇÃO','CC2015-2017/1','2017005712','CC2015','ATIVO','04414395003'),('BACHAREL EM CIÊNCIA DA COMPUTAÇÃO','CC2015-2017/1','2017005721','CC2015','ATIVO','83220313000'),('BACHAREL EM CIÊNCIA DA COMPUTAÇÃO','CC2015-2017/1','2017005730','CC2015','ATIVO','03534270045'),('BACHAREL EM CIÊNCIA DA COMPUTAÇÃO','CC2015-2017/1','2017005740','CC2015','ATIVO','03749668000'),('BACHAREL EM CIÊNCIA DA COMPUTAÇÃO','CC2015-2017/1','2017005759','CC2015','ATIVO','02699474002'),('BACHAREL EM CIÊNCIA DA COMPUTAÇÃO','CC2015-2017/2','2017005768','CC2015','ATIVO','03473193003'),('BACHAREL EM CIÊNCIA DA COMPUTAÇÃO','CC2015-2017/2','2017005777','CC2015','ATIVO','73014346004'),('BACHAREL EM CIÊNCIA DA COMPUTAÇÃO','CC2019-2017/1','2017005820','CC2019','TRANCADO','83123504034'),('BACHAREL EM CIÊNCIA DA COMPUTAÇÃO','CC2019-2017/1','2017005839','CC2019','CANCELADO','70338763279'),('BACHAREL EM CIÊNCIA DA COMPUTAÇÃO','CC2019-2017/1','2017005848','CC2019','CANCELADO','02967374024'),('BACHAREL EM CIÊNCIA DA COMPUTAÇÃO','CC2019-2017/2','2017005857','CC2019','TRANCADO','03793233030'),('LICENCIATURA EM MATEMÁTICA','LM2020-2017/1','2017005866','LM2020','ATIVO','03648525000'),('LICENCIATURA EM MATEMÁTICA','LM2020-2017/1','2017005875','LM2020','ATIVO','02928058028'),('LICENCIATURA EM MATEMÁTICA','LM2020-2017/1','2017005884','LM2020','ATIVO','03565414014'),('LICENCIATURA EM MATEMÁTICA','LM2020-2017/1','2017005893','LM2020','ATIVO','02288449080'),('LICENCIATURA EM MATEMÁTICA','LM2020-2017/1','2017005900','LM2020','ATIVO','07410380993'),('LICENCIATURA EM MATEMÁTICA','LM2020-2017/1','2017005919','LM2020','ATIVO','00894970070'),('LICENCIATURA EM MATEMÁTICA','LM2020-2017/1','2017005928','LM2020','ATIVO','35277980059'),('BACHAREL EM CIÊNCIA DA COMPUTAÇÃO','CC2015-2018/1','2018009126','CC2015','ATIVO','04220865098'),('BACHAREL EM CIÊNCIA DA COMPUTAÇÃO','CC2015-2018/1','2018009135','CC2015','ATIVO','02153278023'),('BACHAREL EM CIÊNCIA DA COMPUTAÇÃO','CC2015-2018/1','2018009144','CC2015','ATIVO','03912137099'),('BACHAREL EM CIÊNCIA DA COMPUTAÇÃO','CC2015-2018/1','2018009153','CC2015','ATIVO','03489961013'),('BACHAREL EM CIÊNCIA DA COMPUTAÇÃO','CC2015-2018/1','2018009162','CC2015','TRANCADO','04439707009'),('BACHAREL EM CIÊNCIA DA COMPUTAÇÃO','CC2015-2018/1','2018009171','CC2015','ATIVO','03297698047'),('BACHAREL EM CIÊNCIA DA COMPUTAÇÃO','CC2015-2018/1','2018009180','CC2015','ATIVO','02730587039'),('BACHAREL EM CIÊNCIA DA COMPUTAÇÃO','CC2015-2018/1','2018009190','CC2015','ATIVO','03260715045'),('BACHAREL EM CIÊNCIA DA COMPUTAÇÃO','CC2015-2018/1','2018009206','CC2015','ATIVO','03234433038'),('BACHAREL EM CIÊNCIA DA COMPUTAÇÃO','CC2015-2018/1','2018009215','CC2015','ATIVO','11411291913'),('BACHAREL EM CIÊNCIA DA COMPUTAÇÃO','CC2015-2018/1','2018009224','CC2015','ATIVO','03409884017'),('BACHAREL EM CIÊNCIA DA COMPUTAÇÃO','CC2015-2018/1','2018009233','CC2015','ATIVO','02480457095'),('BACHAREL EM CIÊNCIA DA COMPUTAÇÃO','CC2015-2018/1','2018009242','CC2015','ATIVO','04000881000'),('BACHAREL EM CIÊNCIA DA COMPUTAÇÃO','CC2015-2018/1','2018009251','CC2015','ATIVO','02232063003'),('BACHAREL EM CIÊNCIA DA COMPUTAÇÃO','CC2015-2018/1','2018009260','CC2015','ATIVO','03570579026'),('BACHAREL EM CIÊNCIA DA COMPUTAÇÃO','CC2015-2018/1','2018009270','CC2015','ATIVO','02859411003'),('BACHAREL EM CIÊNCIA DA COMPUTAÇÃO','CC2015-2018/1','2018009289','CC2015','ATIVO','01918755035'),('BACHAREL EM CIÊNCIA DA COMPUTAÇÃO','CC2015-2018/1','2018009298','CC2015','ATIVO','01902769082'),('BACHAREL EM CIÊNCIA DA COMPUTAÇÃO','CC2015-2018/1','2018009304','CC2015','ATIVO','04254510039'),('BACHAREL EM CIÊNCIA DA COMPUTAÇÃO','CC2015-2018/1','2018009313','CC2015','ATIVO','04032222061'),('BACHAREL EM CIÊNCIA DA COMPUTAÇÃO','CC2015-2018/1','2018009322','CC2015','ATIVO','00619422009'),('BACHAREL EM CIÊNCIA DA COMPUTAÇÃO','CC2015-2018/1','2018009331','CC2015','ATIVO','02356116036'),('BACHAREL EM CIÊNCIA DA COMPUTAÇÃO','CC2015-2018/1','2018009340','CC2015','ATIVO','03620490090'),('BACHAREL EM CIÊNCIA DA COMPUTAÇÃO','CC2015-2018/1','2018009350','CC2015','TRANCADO','02971514013'),('BACHAREL EM CIÊNCIA DA COMPUTAÇÃO','CC2019-2018/2','2018009402','CC2019','CANCELADO','02510114026'),('LICENCIATURA EM MATEMÁTICA','LM2020-2018/1','2018009411','LM2020','ATIVO','04439978029'),('LICENCIATURA EM MATEMÁTICA','LM2020-2018/1','2018009420','LM2020','ATIVO','03571382013'),('LICENCIATURA EM MATEMÁTICA','LM2020-2018/1','2018009430','LM2020','ATIVO','03420223005'),('LICENCIATURA EM MATEMÁTICA','LM2020-2018/1','2018009449','LM2020','ATIVO','03415115011'),('LICENCIATURA EM MATEMÁTICA','LM2020-2018/1','2018009458','LM2020','ATIVO','03396857003'),('LICENCIATURA EM MATEMÁTICA','LM2020-2018/1','2018009467','LM2020','ATIVO','02242679066'),('LICENCIATURA EM MATEMÁTICA','LM2020-2018/1','2018009476','LM2020','ATIVO','04761252006'),('LICENCIATURA EM MATEMÁTICA','LM2020-2018/1','2018009485','LM2020','ATIVO','96927550020'),('LICENCIATURA EM MATEMÁTICA','LM2020-2018/1','2018009494','LM2020','CANCELADO','04299993055'),('LICENCIATURA EM MATEMÁTICA','LM2020-2018/1','2018009500','LM2020','ATIVO','04649606063'),('LICENCIATURA EM MATEMÁTICA','LM2020-2018/1','2018009510','LM2020','ATIVO','43012423842'),('LICENCIATURA EM MATEMÁTICA','LM2020-2018/1','2018009529','LM2020','ATIVO','03308646021'),('LICENCIATURA EM MATEMÁTICA','LM2020-2018/1','2018009538','LM2020','ATIVO','03419968078'),('LICENCIATURA EM MATEMÁTICA','LM2020-2018/1','2018009547','LM2020','ATIVO','00153600080'),('LICENCIATURA EM MATEMÁTICA','LM2020-2018/1','2018009556','LM2020','ATIVO','01232976059'),('BACHAREL EM CIÊNCIA DA COMPUTAÇÃO','CC2019-2018/1','2018190127','CC2019','ATIVO','02750935067'),('BACHAREL EM CIÊNCIA DA COMPUTAÇÃO','CC2019-2019/1','2019000027','CC2019','ATIVO','03607065098'),('BACHAREL EM CIÊNCIA DA COMPUTAÇÃO','CC2019-2019/1','2019000036','CC2019','ATIVO','10010079998'),('BACHAREL EM CIÊNCIA DA COMPUTAÇÃO','CC2019-2019/1','2019001276','CC2019','ATIVO','00989115038'),('BACHAREL EM CIÊNCIA DA COMPUTAÇÃO','CC2019-2019/1','2019006183','CC2019','ATIVO','04087077047'),('BACHAREL EM CIÊNCIA DA COMPUTAÇÃO','CC2019-2019/1','2019006192','CC2019','ATIVO','03852220092'),('BACHAREL EM CIÊNCIA DA COMPUTAÇÃO','CC2019-2019/1','2019006209','CC2019','CANCELADO','01117372065'),('BACHAREL EM CIÊNCIA DA COMPUTAÇÃO','CC2019-2019/1','2019006254','CC2019','ATIVO','04752055023'),('BACHAREL EM CIÊNCIA DA COMPUTAÇÃO','CC2019-2019/1','2019006281','CC2019','ATIVO','03962357009'),('BACHAREL EM CIÊNCIA DA COMPUTAÇÃO','CC2019-2019/1','2019006325','CC2019','CANCELADO','03795366097'),('BACHAREL EM CIÊNCIA DA COMPUTAÇÃO','CC2019-2019/1','2019006370','CC2019','ATIVO','04722968098'),('BACHAREL EM CIÊNCIA DA COMPUTAÇÃO','CC2019-2019/1','2019006399','CC2019','ATIVO','04049298007'),('BACHAREL EM CIÊNCIA DA COMPUTAÇÃO','CC2019-2019/1','2019006423','CC2019','ATIVO','02455220001'),('BACHAREL EM CIÊNCIA DA COMPUTAÇÃO','CC2019-2019/1','2019006441','CC2019','CANCELADO','03431659101'),('BACHAREL EM CIÊNCIA DA COMPUTAÇÃO','CC2019-2019/1','2019006450','CC2019','ATIVO','03296013008'),('BACHAREL EM CIÊNCIA DA COMPUTAÇÃO','CC2019-2019/1','2019006460','CC2019','ATIVO','01252847050'),('BACHAREL EM CIÊNCIA DA COMPUTAÇÃO','CC2019-2019/1','2019006479','CC2019','TRANCADO','02096253098'),('BACHAREL EM CIÊNCIA DA COMPUTAÇÃO','CC2019-2019/1','2019006488','CC2019','ATIVO','02851427040'),('BACHAREL EM CIÊNCIA DA COMPUTAÇÃO','CC2019-2019/1','2019006497','CC2019','ATIVO','01867062003'),('BACHAREL EM CIÊNCIA DA COMPUTAÇÃO','CC2019-2019/1','2019006503','CC2019','ATIVO','03599626022'),('BACHAREL EM CIÊNCIA DA COMPUTAÇÃO','CC2019-2019/1','2019006782','CC2019','ATIVO','03783992095'),('BACHAREL EM CIÊNCIA DA COMPUTAÇÃO','CC2019-2019/1','2019006791','CC2019','ATIVO','04029009018'),('BACHAREL EM CIÊNCIA DA COMPUTAÇÃO','CC2019-2019/1','2019006808','CC2019','ATIVO','02815324008'),('BACHAREL EM CIÊNCIA DA COMPUTAÇÃO','CC2019-2019/1','2019006817','CC2019','ATIVO','03130276092'),('BACHAREL EM CIÊNCIA DA COMPUTAÇÃO','CC2019-2019/1','2019007402','CC2019','ATIVO','90179862049'),('BACHAREL EM CIÊNCIA DA COMPUTAÇÃO','CC2019-2019/1','2019007411','CC2019','ATIVO','04804077030'),('BACHAREL EM CIÊNCIA DA COMPUTAÇÃO','CC2019-2019/1','2019007420','CC2019','ATIVO','01719011001'),('BACHAREL EM CIÊNCIA DA COMPUTAÇÃO','CC2019-2019/1','2019007430','CC2019','CANCELADO','02969443007'),('BACHAREL EM CIÊNCIA DA COMPUTAÇÃO','CC2019-2019/1','2019007449','CC2019','ATIVO','02230438000'),('BACHAREL EM CIÊNCIA DA COMPUTAÇÃO','CC2019-2019/1','2019007458','CC2019','ATIVO','01146425082'),('BACHAREL EM CIÊNCIA DA COMPUTAÇÃO','CC2019-2019/1','2019007467','CC2019','ATIVO','04247535021'),('BACHAREL EM CIÊNCIA DA COMPUTAÇÃO','CC2019-2019/1','2019007476','CC2019','ATIVO','02764410018'),('BACHAREL EM CIÊNCIA DA COMPUTAÇÃO','CC2019-2019/1','2019007485','CC2019','ATIVO','03413930028'),('BACHAREL EM CIÊNCIA DA COMPUTAÇÃO','CC2019-2019/1','2019007494','CC2019','ATIVO','03915717029'),('BACHAREL EM CIÊNCIA DA COMPUTAÇÃO','CC2019-2019/2','2019009031','CC2019','ATIVO','02985468094'),('BACHAREL EM CIÊNCIA DA COMPUTAÇÃO','CC2019-2019/2','2019009040','CC2019','ATIVO','02489237063'),('BACHAREL EM CIÊNCIA DA COMPUTAÇÃO','CC2019-2019/2','2019009050','CC2019','ATIVO','03736860056'),('LICENCIATURA EM MATEMÁTICA','LM2020-2019/1','2019012091','LM2020','ATIVO','02690224062'),('LICENCIATURA EM MATEMÁTICA','LM2020-2019/1','2019012108','LM2020','ATIVO','02425352082'),('LICENCIATURA EM MATEMÁTICA','LM2020-2019/1','2019012117','LM2020','ATIVO','04831917010'),('LICENCIATURA EM MATEMÁTICA','LM2020-2019/1','2019012126','LM2020','ATIVO','03620407029'),('LICENCIATURA EM MATEMÁTICA','LM2020-2019/1','2019012135','LM2020','ATIVO','96271132049'),('LICENCIATURA EM MATEMÁTICA','LM2020-2019/1','2019012144','LM2020','ATIVO','03177150036'),('LICENCIATURA EM MATEMÁTICA','LM2020-2019/1','2019012153','LM2020','ATIVO','03914671076'),('LICENCIATURA EM MATEMÁTICA','LM2020-2019/1','2019012162','LM2020','CANCELADO','02995500012'),('LICENCIATURA EM MATEMÁTICA','LM2020-2019/1','2019012171','LM2020','CANCELADO','04302409029'),('LICENCIATURA EM MATEMÁTICA','LM2020-2019/1','2019012180','LM2020','ATIVO','03559453046'),('LICENCIATURA EM MATEMÁTICA','LM2020-2019/1','2019012190','LM2020','CANCELADO','03591975079'),('LICENCIATURA EM MATEMÁTICA','LM2020-2019/1','2019012206','LM2020','ATIVO','00512437092'),('LICENCIATURA EM MATEMÁTICA','LM2020-2019/1','2019012233','LM2020','ATIVO','02675567051'),('LICENCIATURA EM MATEMÁTICA','LM2020-2019/1','2019012242','LM2020','ATIVO','83214194020'),('AGROPECUÁRIA - INTEGRADO AO ENSINO MÉDIO','001001-A-2019/0','2019316785','001001','NÃO CADASTRADO','04161239025'),('MECÂNICA - INTEGRADO AO ENSINO MÉDIO','003003-A-2019/0','2019316794','003003','ATIVO','04161239025'),('INFORMÁTICA - INTEGRADO AO ENSINO MÉDIO','002002-A-2019/0','2019316800','002002','ATIVO','04847510003'),('INFORMÁTICA - INTEGRADO AO ENSINO MÉDIO','002002-A-2019/0','2019316810','002002','ATIVO','05987012066'),('INFORMÁTICA - INTEGRADO AO ENSINO MÉDIO','002002-A-2019/0','2019316829','002002','ATIVO','01742393004'),('MECÂNICA - INTEGRADO AO ENSINO MÉDIO','003003-A-2019/0','2019316838','003003','ATIVO','03955180085'),('INFORMÁTICA - INTEGRADO AO ENSINO MÉDIO','002002-A-2019/0','2019316847','002002','ATIVO','03042403033'),('INFORMÁTICA - INTEGRADO AO ENSINO MÉDIO','002002-A-2019/0','2019316856','002002','ATIVO','04060919004'),('INFORMÁTICA - INTEGRADO AO ENSINO MÉDIO','002002-A-2019/0','2019316865','002002','ATIVO','04136374097'),('INFORMÁTICA - INTEGRADO AO ENSINO MÉDIO','002002-A-2019/0','2019316874','002002','ATIVO','05593520003'),('INFORMÁTICA - INTEGRADO AO ENSINO MÉDIO','002002-A-2019/0','2019316883','002002','ATIVO','01812601077'),('INFORMÁTICA - INTEGRADO AO ENSINO MÉDIO','002002-A-2019/0','2019316892','002002','ATIVO','04773387041'),('INFORMÁTICA - INTEGRADO AO ENSINO MÉDIO','002002-A-2019/0','2019316909','002002','ATIVO','05293398113'),('INFORMÁTICA - INTEGRADO AO ENSINO MÉDIO','002002-A-2019/0','2019316918','002002','ATIVO','02471651070'),('INFORMÁTICA - INTEGRADO AO ENSINO MÉDIO','002002-A-2019/0','2019316927','002002','ATIVO','03157668080'),('INFORMÁTICA - INTEGRADO AO ENSINO MÉDIO','002002-A-2019/0','2019316936','002002','ATIVO','04294434040'),('INFORMÁTICA - INTEGRADO AO ENSINO MÉDIO','002002-A-2019/0','2019316945','002002','ATIVO','03132002038'),('INFORMÁTICA - INTEGRADO AO ENSINO MÉDIO','002002-A-2019/0','2019316954','002002','ATIVO','05117770005'),('INFORMÁTICA - INTEGRADO AO ENSINO MÉDIO','002002-A-2019/0','2019316963','002002','ATIVO','04006562055'),('INFORMÁTICA - INTEGRADO AO ENSINO MÉDIO','002002-A-2019/0','2019316972','002002','ATIVO','04465791062'),('INFORMÁTICA - INTEGRADO AO ENSINO MÉDIO','002002-A-2019/0','2019316981','002002','ATIVO','03949165061'),('INFORMÁTICA - INTEGRADO AO ENSINO MÉDIO','002002-A-2019/0','2019316990','002002','ATIVO','04098844052'),('INFORMÁTICA - INTEGRADO AO ENSINO MÉDIO','002002-A-2019/0','2019317002','002002','ATIVO','04065293022'),('INFORMÁTICA - INTEGRADO AO ENSINO MÉDIO','002002-A-2019/0','2019317011','002002','ATIVO','05084841030'),('INFORMÁTICA - INTEGRADO AO ENSINO MÉDIO','002002-A-2019/0','2019317020','002002','ATIVO','02455138097'),('INFORMÁTICA - INTEGRADO AO ENSINO MÉDIO','002002-A-2019/0','2019317030','002002','ATIVO','02623532028'),('INFORMÁTICA - INTEGRADO AO ENSINO MÉDIO','002002-A-2019/0','2019317049','002002','ATIVO','85647926053'),('INFORMÁTICA - INTEGRADO AO ENSINO MÉDIO','002002-A-2019/0','2019317058','002002','ATIVO','03310951065'),('INFORMÁTICA - INTEGRADO AO ENSINO MÉDIO','002002-A-2019/0','2019317067','002002','ATIVO','03858005096'),('INFORMÁTICA - INTEGRADO AO ENSINO MÉDIO','002002-A-2019/0','2019317076','002002','ATIVO','03981733037'),('INFORMÁTICA - INTEGRADO AO ENSINO MÉDIO','002002-A-2019/0','2019317085','002002','ATIVO','04122197007'),('INFORMÁTICA - INTEGRADO AO ENSINO MÉDIO','002002-A-2019/0','2019317094','002002','ATIVO','04847493079'),('MECÂNICA - INTEGRADO AO ENSINO MÉDIO','003003-A-2019/0','2019317100','003003','ATIVO','03030436012'),('MECÂNICA - INTEGRADO AO ENSINO MÉDIO','003003-A-2019/0','2019317110','003003','ATIVO','04060140007'),('MECÂNICA - INTEGRADO AO ENSINO MÉDIO','003003-A-2019/0','2019317129','003003','ATIVO','04325657010'),('MECÂNICA - INTEGRADO AO ENSINO MÉDIO','003003-A-2019/0','2019317138','003003','ATIVO','04391087057'),('MECÂNICA - INTEGRADO AO ENSINO MÉDIO','003003-A-2019/0','2019317147','003003','ATIVO','04810118037'),('MECÂNICA - INTEGRADO AO ENSINO MÉDIO','003003-A-2019/0','2019317156','003003','ATIVO','04214699009'),('MECÂNICA - INTEGRADO AO ENSINO MÉDIO','003003-A-2019/0','2019317165','003003','ATIVO','01692108042'),('MECÂNICA - INTEGRADO AO ENSINO MÉDIO','003003-A-2019/0','2019317174','003003','ATIVO','03534046080'),('MECÂNICA - INTEGRADO AO ENSINO MÉDIO','003003-A-2019/0','2019317183','003003','ATIVO','04239816092'),('MECÂNICA - INTEGRADO AO ENSINO MÉDIO','003003-A-2019/0','2019317192','003003','ATIVO','03876120098'),('MECÂNICA - INTEGRADO AO ENSINO MÉDIO','003003-A-2019/0','2019317209','003003','ATIVO','03962537090'),('MECÂNICA - INTEGRADO AO ENSINO MÉDIO','003003-A-2019/0','2019317218','003003','ATIVO','02443271064'),('MECÂNICA - INTEGRADO AO ENSINO MÉDIO','003003-A-2019/0','2019317227','003003','ATIVO','05265680039'),('MECÂNICA - INTEGRADO AO ENSINO MÉDIO','003003-A-2019/0','2019317236','003003','ATIVO','04526960039'),('MECÂNICA - INTEGRADO AO ENSINO MÉDIO','003003-A-2019/0','2019317245','003003','ATIVO','01347682058'),('MECÂNICA - INTEGRADO AO ENSINO MÉDIO','003003-A-2019/0','2019317254','003003','ATIVO','03434687009'),('MECÂNICA - INTEGRADO AO ENSINO MÉDIO','003003-A-2019/0','2019317263','003003','ATIVO','03221396007'),('MECÂNICA - INTEGRADO AO ENSINO MÉDIO','003003-A-2019/0','2019317272','003003','ATIVO','05031939095'),('MECÂNICA - INTEGRADO AO ENSINO MÉDIO','003003-A-2019/0','2019317281','003003','ATIVO','03911229089'),('MECÂNICA - INTEGRADO AO ENSINO MÉDIO','003003-A-2019/0','2019317290','003003','ATIVO','04349801022'),('MECÂNICA - INTEGRADO AO ENSINO MÉDIO','003003-A-2019/0','2019317307','003003','ATIVO','03962526056'),('MECÂNICA - INTEGRADO AO ENSINO MÉDIO','003003-A-2019/0','2019317316','003003','ATIVO','05381833067'),('MECÂNICA - INTEGRADO AO ENSINO MÉDIO','003003-A-2019/0','2019317325','003003','ATIVO','03598317026'),('BACHAREL EM CIÊNCIA DA COMPUTAÇÃO','CC2019-2020/1','2020000280','CC2019','ATIVO','03431376070'),('LICENCIATURA EM MATEMÁTICA','LM2020-2020/1','2020000306','LM2020','ATIVO','96480220030'),('BACHAREL EM CIÊNCIA DA COMPUTAÇÃO','CC2019-2020/1','2020003531','CC2019','ATIVO','04066585019'),('LICENCIATURA EM MATEMÁTICA','LM2020-2020/1','2020003550','LM2020','ATIVO','04181122077'),('BACHAREL EM CIÊNCIA DA COMPUTAÇÃO','CC2019-2020/1','2020003620','CC2019','ATIVO','04066776035'),('LICENCIATURA EM MATEMÁTICA','LM2020-2020/1','2020003667','LM2020','ATIVO','01455688061'),('BACHAREL EM CIÊNCIA DA COMPUTAÇÃO','CC2019-2020/1','2020003694','CC2019','ATIVO','05231451010'),('LICENCIATURA EM MATEMÁTICA','LM2020-2020/1','2020003700','LM2020','ATIVO','02528745010'),('LICENCIATURA EM MATEMÁTICA','LM2020-2020/1','2020003729','LM2020','ATIVO','05229892099'),('BACHAREL EM CIÊNCIA DA COMPUTAÇÃO','CC2019-2020/1','2020003738','CC2019','ATIVO','04583837089'),('LICENCIATURA EM MATEMÁTICA','LM2020-2020/1','2020003756','LM2020','ATIVO','30514134020'),('BACHAREL EM CIÊNCIA DA COMPUTAÇÃO','CC2019-2020/1','2020003774','CC2019','ATIVO','02227168005'),('BACHAREL EM CIÊNCIA DA COMPUTAÇÃO','CC2019-2020/1','2020003809','CC2019','ATIVO','04489537301'),('LICENCIATURA EM MATEMÁTICA','LM2020-2020/1','2020003818','LM2020','ATIVO','00589218000'),('LICENCIATURA EM MATEMÁTICA','LM2020-2020/1','2020003827','LM2020','ATIVO','00212807030'),('BACHAREL EM CIÊNCIA DA COMPUTAÇÃO','CC2019-2020/1','2020003836','CC2019','ATIVO','03932675045'),('BACHAREL EM CIÊNCIA DA COMPUTAÇÃO','CC2019-2020/1','2020003845','CC2019','ATIVO','03133684060'),('BACHAREL EM CIÊNCIA DA COMPUTAÇÃO','CC2019-2020/1','2020006650','CC2019','ATIVO','04113803030'),('BACHAREL EM CIÊNCIA DA COMPUTAÇÃO','CC2019-2020/1','2020006678','CC2019','ATIVO','03749824061'),('BACHAREL EM CIÊNCIA DA COMPUTAÇÃO','CC2019-2020/1','2020006696','CC2019','ATIVO','04018632045'),('BACHAREL EM CIÊNCIA DA COMPUTAÇÃO','CC2019-2020/1','2020006711','CC2019','ATIVO','04716254003'),('BACHAREL EM CIÊNCIA DA COMPUTAÇÃO','CC2019-2020/1','2020006720','CC2019','ATIVO','04113645027'),('BACHAREL EM CIÊNCIA DA COMPUTAÇÃO','CC2019-2020/1','2020006730','CC2019','ATIVO','04880491055'),('BACHAREL EM CIÊNCIA DA COMPUTAÇÃO','CC2019-2020/1','2020006749','CC2019','ATIVO','04871688011'),('BACHAREL EM CIÊNCIA DA COMPUTAÇÃO','CC2019-2020/1','2020006758','CC2019','ATIVO','03949285040'),('LICENCIATURA EM MATEMÁTICA','LM2020-2020/1','2020006767','LM2020','ATIVO','02116719089'),('LICENCIATURA EM MATEMÁTICA','LM2020-2020/1','2020006776','LM2020','ATIVO','04780613078'),('BACHAREL EM CIÊNCIA DA COMPUTAÇÃO','CC2019-2020/1','2020006829','CC2019','ATIVO','04000367030'),('BACHAREL EM CIÊNCIA DA COMPUTAÇÃO','CC2019-2020/1','2020006856','CC2019','ATIVO','04229663048'),('BACHAREL EM CIÊNCIA DA COMPUTAÇÃO','CC2019-2020/1','2020006874','CC2019','ATIVO','03399215010'),('LICENCIATURA EM MATEMÁTICA','LM2020-2020/1','2020007156','LM2020','ATIVO','03323426037'),('BACHAREL EM CIÊNCIA DA COMPUTAÇÃO','CC2019-2020/1','2020007165','CC2019','ATIVO','60786230010'),('BACHAREL EM CIÊNCIA DA COMPUTAÇÃO','CC2019-2020/1','2020007174','CC2019','ATIVO','00970197047'),('BACHAREL EM CIÊNCIA DA COMPUTAÇÃO','CC2019-2020/1','2020007183','CC2019','ATIVO','05034339005'),('BACHAREL EM CIÊNCIA DA COMPUTAÇÃO','CC2019-2020/1','2020007192','CC2019','ATIVO','03702008020'),('BACHAREL EM CIÊNCIA DA COMPUTAÇÃO','CC2019-2020/1','2020007209','CC2019','ATIVO','02822572097'),('BACHAREL EM CIÊNCIA DA COMPUTAÇÃO','CC2019-2020/1','2020007218','CC2019','ATIVO','50636634191'),('BACHAREL EM CIÊNCIA DA COMPUTAÇÃO','CC2019-2020/1','2020007675','CC2019','ATIVO','04052649095'),('LICENCIATURA EM MATEMÁTICA','LM2020-2020/1','2020007684','LM2020','ATIVO','05235538030'),('LICENCIATURA EM MATEMÁTICA','LM2020-2020/1','2020008921','LM2020','NÃO CADASTRADO','03308646021'),('BACHAREL EM CIÊNCIA DA COMPUTAÇÃO','CC2019-2020/1','2020009043','CC2019','ATIVO','05141014070'),('LICENCIATURA EM MATEMÁTICA','LM2020-2020/1','2020009061','LM2020','ATIVO','05119037070'),('BACHAREL EM CIÊNCIA DA COMPUTAÇÃO','CC2019-2020/1','2020009070','CC2019','ATIVO','04087570002'),('LICENCIATURA EM MATEMÁTICA','LM2020-2020/1','2020009080','LM2020','ATIVO','03407163045'),('LICENCIATURA EM MATEMÁTICA','LM2020-2020/1','2020009188','LM2020','ATIVO','03742118099'),('LICENCIATURA EM MATEMÁTICA','LM2020-2020/1','2020009197','LM2020','ATIVO','03772656080'),('LICENCIATURA EM MATEMÁTICA','LM2020-2020/1','2020009221','LM2020','ATIVO','03912729000'),('BACHAREL EM CIÊNCIA DA COMPUTAÇÃO','CC2019-2020/1','2020009366','CC2019','ATIVO','03784469086'),('BACHAREL EM CIÊNCIA DA COMPUTAÇÃO','CC2019-2020/1','2020009375','CC2019','ATIVO','03879651060'),('LICENCIATURA EM MATEMÁTICA','LM2020-2020/1','2020009419','LM2020','ATIVO','03485106089'),('AGROPECUÁRIA - INTEGRADO AO ENSINO MÉDIO','001001-A-2020/0','2020314012','001001','ATIVO','02178773036'),('INFORMÁTICA - INTEGRADO AO ENSINO MÉDIO','002002-A-2020/0','2020314021','002002','ATIVO','03957406064'),('INFORMÁTICA - INTEGRADO AO ENSINO MÉDIO','002002-A-2020/0','2020314030','002002','ATIVO','02637371013'),('INFORMÁTICA - INTEGRADO AO ENSINO MÉDIO','002002-A-2020/0','2020314040','002002','ATIVO','08472263363'),('INFORMÁTICA - INTEGRADO AO ENSINO MÉDIO','002002-A-2020/0','2020314059','002002','ATIVO','04764964112'),('INFORMÁTICA - INTEGRADO AO ENSINO MÉDIO','002002-A-2020/0','2020314068','002002','ATIVO','03996896050'),('INFORMÁTICA - INTEGRADO AO ENSINO MÉDIO','002002-A-2020/0','2020314077','002002','ATIVO','03823981064'),('INFORMÁTICA - INTEGRADO AO ENSINO MÉDIO','002002-A-2020/0','2020314086','002002','ATIVO','04082031022'),('INFORMÁTICA - INTEGRADO AO ENSINO MÉDIO','002002-A-2020/0','2020314095','002002','ATIVO','03554425079'),('INFORMÁTICA - INTEGRADO AO ENSINO MÉDIO','002002-A-2020/0','2020314101','002002','ATIVO','04925501070'),('INFORMÁTICA - INTEGRADO AO ENSINO MÉDIO','002002-A-2020/0','2020314110','002002','ATIVO','03784341012'),('INFORMÁTICA - INTEGRADO AO ENSINO MÉDIO','002002-A-2020/0','2020314120','002002','ATIVO','03112789067'),('INFORMÁTICA - INTEGRADO AO ENSINO MÉDIO','002002-A-2020/0','2020314139','002002','ATIVO','02373910071'),('INFORMÁTICA - INTEGRADO AO ENSINO MÉDIO','002002-A-2020/0','2020314148','002002','ATIVO','04393766024'),('MECÂNICA - INTEGRADO AO ENSINO MÉDIO','003003-A-2020/0','2020314157','003003','ATIVO','04463411009'),('MECÂNICA - INTEGRADO AO ENSINO MÉDIO','003003-A-2020/0','2020314166','003003','ATIVO','03604401003'),('MECÂNICA - INTEGRADO AO ENSINO MÉDIO','003003-A-2020/0','2020314175','003003','ATIVO','04048848062'),('MECÂNICA - INTEGRADO AO ENSINO MÉDIO','003003-A-2020/0','2020314184','003003','ATIVO','02131797095'),('MECÂNICA - INTEGRADO AO ENSINO MÉDIO','003003-A-2020/0','2020314193','003003','ATIVO','03926386061'),('MECÂNICA - INTEGRADO AO ENSINO MÉDIO','003003-A-2020/0','2020314200','003003','ATIVO','03443804080'),('MECÂNICA - INTEGRADO AO ENSINO MÉDIO','003003-A-2020/0','2020314219','003003','ATIVO','03832342044'),('MECÂNICA - INTEGRADO AO ENSINO MÉDIO','003003-A-2020/0','2020314228','003003','ATIVO','02626347086'),('MECÂNICA - INTEGRADO AO ENSINO MÉDIO','003003-A-2020/0','2020314237','003003','ATIVO','04174086095'),('MECÂNICA - INTEGRADO AO ENSINO MÉDIO','003003-A-2020/0','2020314246','003003','ATIVO','02455211002'),('MECÂNICA - INTEGRADO AO ENSINO MÉDIO','003003-A-2020/0','2020314255','003003','ATIVO','04061874012'),('INFORMÁTICA - INTEGRADO AO ENSINO MÉDIO','002002-A-2020/0','2020314264','002002','ATIVO','03783865069'),('INFORMÁTICA - INTEGRADO AO ENSINO MÉDIO','002002-A-2020/0','2020314273','002002','ATIVO','06384531003'),('INFORMÁTICA - INTEGRADO AO ENSINO MÉDIO','002002-A-2020/0','2020314282','002002','ATIVO','03941626094'),('INFORMÁTICA - INTEGRADO AO ENSINO MÉDIO','002002-A-2020/0','2020314291','002002','ATIVO','02848269014'),('INFORMÁTICA - INTEGRADO AO ENSINO MÉDIO','002002-A-2020/0','2020314308','002002','ATIVO','03599619085'),('MECÂNICA - INTEGRADO AO ENSINO MÉDIO','003003-A-2020/0','2020314317','003003','ATIVO','03865903037'),('MECÂNICA - INTEGRADO AO ENSINO MÉDIO','003003-A-2020/0','2020314326','003003','ATIVO','04288868092'),('INFORMÁTICA - INTEGRADO AO ENSINO MÉDIO','002002-A-2020/0','2020314335','002002','ATIVO','05127305046'),('MECÂNICA - INTEGRADO AO ENSINO MÉDIO','003003-A-2020/0','2020314344','003003','CADASTRADO','03929276089'),('MECÂNICA - INTEGRADO AO ENSINO MÉDIO','003003-A-2020/0','2020314353','003003','ATIVO','04626061044'),('MECÂNICA - INTEGRADO AO ENSINO MÉDIO','003003-A-2020/0','2020314362','003003','ATIVO','03118365005'),('MECÂNICA - INTEGRADO AO ENSINO MÉDIO','003003-A-2020/0','2020314371','003003','ATIVO','04950491075'),('MECÂNICA - INTEGRADO AO ENSINO MÉDIO','003003-A-2020/0','2020314380','003003','ATIVO','03722013003'),('MECÂNICA - INTEGRADO AO ENSINO MÉDIO','003003-A-2020/0','2020314390','003003','ATIVO','03784478077'),('MECÂNICA - INTEGRADO AO ENSINO MÉDIO','003003-A-2020/0','2020314406','003003','ATIVO','03773709080'),('MECÂNICA - INTEGRADO AO ENSINO MÉDIO','003003-A-2020/0','2020314415','003003','ATIVO','01924671077'),('MECÂNICA - INTEGRADO AO ENSINO MÉDIO','003003-A-2020/0','2020314424','003003','ATIVO','03866390009'),('MECÂNICA - INTEGRADO AO ENSINO MÉDIO','003003-A-2020/0','2020314433','003003','ATIVO','03089462001'),('MECÂNICA - INTEGRADO AO ENSINO MÉDIO','003003-A-2020/0','2020314442','003003','ATIVO','03795283043'),('INFORMÁTICA - INTEGRADO AO ENSINO MÉDIO','002002-A-2020/0','2020314451','002002','ATIVO','03873026031'),('INFORMÁTICA - INTEGRADO AO ENSINO MÉDIO','002002-A-2020/0','2020314460','002002','ATIVO','04285099080'),('INFORMÁTICA - INTEGRADO AO ENSINO MÉDIO','002002-A-2020/0','2020314470','002002','ATIVO','03855762007'),('INFORMÁTICA - INTEGRADO AO ENSINO MÉDIO','002002-A-2020/0','2020314489','002002','ATIVO','03044876001'),('INFORMÁTICA - INTEGRADO AO ENSINO MÉDIO','002002-A-2020/0','2020314498','002002','ATIVO','03492491138'),('INFORMÁTICA - INTEGRADO AO ENSINO MÉDIO','002002-A-2020/0','2020314504','002002','ATIVO','04391598060'),('MECÂNICA - INTEGRADO AO ENSINO MÉDIO','003003-A-2020/0','2020314513','003003','ATIVO','03126281028'),('INFORMÁTICA - INTEGRADO AO ENSINO MÉDIO','002002-A-2020/0','2020314522','002002','ATIVO','04066486037'),('INFORMÁTICA - INTEGRADO AO ENSINO MÉDIO','002002-A-2020/0','2020314531','002002','ATIVO','04059724076'),('INFORMÁTICA - INTEGRADO AO ENSINO MÉDIO','002002-A-2020/0','2020314540','002002','ATIVO','04066477046'),('INFORMÁTICA - INTEGRADO AO ENSINO MÉDIO','002002-A-2020/0','2020314550','002002','ATIVO','02568981032'),('INFORMÁTICA - INTEGRADO AO ENSINO MÉDIO','002002-A-2020/0','2020314569','002002','ATIVO','02385215080');
/*!40000 ALTER TABLE `aluno_curso` ENABLE KEYS */;
UNLOCK TABLES;

--
-- Table structure for table `servidor`
--

DROP TABLE IF EXISTS `servidor`;
/*!40101 SET @saved_cs_client     = @@character_set_client */;
/*!50503 SET character_set_client = utf8mb4 */;
CREATE TABLE `servidor` (
  `login` varchar(11) NOT NULL,
  `nome_completo` varchar(45) DEFAULT NULL,
  `senha` varchar(50) DEFAULT NULL,
  `email` varchar(50) DEFAULT NULL,
  `data_nascimento` varchar(20) DEFAULT NULL,
  `sexo` varchar(20) DEFAULT NULL,
  PRIMARY KEY (`login`)
) ENGINE=InnoDB DEFAULT CHARSET=utf8;
/*!40101 SET character_set_client = @saved_cs_client */;

--
-- Dumping data for table `servidor`
--

LOCK TABLES `servidor` WRITE;
/*!40000 ALTER TABLE `servidor` DISABLE KEYS */;
INSERT INTO `servidor` VALUES ('00028796039','MARCINE FLORIANO PREDIGER','8d1986603b7f5d1a4139cab63a573d0b','marcine.prediger@ibiruba.ifrs.edu.br','19051983','F'),('00080237002','FERNANDA SCHNEIDER','de71c6f0977ba56ced39d8aebf0acde8','fernanda.schneider@ibiruba.ifrs.edu.br','04021982','F'),('00082709025','MARCOS PAULO LUDWIG','398b31ec77e70dffa5be032c94d305cb','marcos.ludwig@ibiruba.ifrs.edu.br','06111983','M'),('00146967038','AURELIO RICARDO BATU MAICA','ccacc6851fb60a1a8ad2d18b6ebeb7d1','aurelio.maica@ibiruba.ifrs.edu.br','10011981','M'),('00175457069','JONAS ANVERSA','0e4215a8499305b7c7d9ead2f7f20253','jonas.anversa@ibiruba.ifrs.edu.br','25031982','M'),('00177190035','RAMONE TRAMONTINI','fc44c02e706afc597db5fad3b3d9b159','ramone.tramontini@ibiruba.ifrs.edu.br','13041982','F'),('00228507081','DANIEL UHRY','1234283cc76a27714cf65ebbb8b462f1','daniel.uhry@ibiruba.ifrs.edu.br','24101982','M'),('00235387088','ADILSON BARBOSA','f0ff241820e5888ad79d34e874211828','adilson.barbosa@ibiruba.ifrs.edu.br','19061983','M'),('00252284046','BRUNO CONTI FRANCO','988811db338ad34cfa9ad05ca5339de5','bruno.franco@ibiruba.ifrs.edu.br','16121982','M'),('00284489018','PAULA GAIDA WINCH','f2a5f6aee7575f019a9a7812180102ac','paula.winch@ibiruba.ifrs.edu.br','06041984','F'),('00358844010','ANGELI CERVI GABBI','86b952e9f75f813f3bf14503138ef30b','angeli.gabbi@ibiruba.ifrs.edu.br','19011984','F'),('00391572024','TIAGO MORAES FERREIRA','181374ff2e04e026b1943edee0b91998','tiago.ferreira@ibiruba.ifrs.edu.br','15011984','M'),('00439086086','SUZANA FERREIRA DA ROSA','0900b6691554388d373887fdce74278c','suzana.rosa@ibiruba.ifrs.edu.br','08041984','F'),('00452945003','TIAGO RIOS DA ROCHA','4276e60016d27684654516632a530996','tiago.rios@ibiruba.ifrs.edu.br','30051984','M'),('00502072024','ANGELA TERESINHA WOSCHINSKI DE MAMANN','852c8a2acff2410ec221828c2308313a','angela.mamann@ibiruba.ifrs.edu.br','03101984','F'),('00528098039','VANESSA SOARES DE CASTRO','2fa1e089cedf2276d4a038651e4b98e1','vanessa.castro@ibiruba.ifrs.edu.br','10011990','F'),('00591096021','DANIEL VIEIRA PINTO','d172acd553a591fbe44d1acc4a8393fc','daniel.pinto@ibiruba.ifrs.edu.br','20091983','M'),('00609343017','MAURICIO LOPES LIMA','f34214b1453ee19c9fd8a2a61f87af36','mauricio.lima@ibiruba.ifrs.edu.br','27091984','M'),('00699866065','CRISTIANE BRAUNER','346916262874a7fdd4e19dc03f8c98a7','cristiane.brauner@ibiruba.ifrs.edu.br','23051984','F'),('00719570069','GABRIEL DE FRANCESCHI DOS SANTOS','85e2b5ce8fb307933ee6e4d8088f8ab7','gabriel.santos@ibiruba.ifrs.edu.br','09021985','M'),('00787626007','LUCAS JARDEL JOSE WOHLMUTH ALVES DOS SANTOS','d8d5b3e1cc27bfcbe55f2aeb98be9ebf','lucas.santos@ibiruba.ifrs.edu.br','15061985','M'),('00805090029','EDSON BAAL','2445a0669f912dfcf81b559c80976a8a','edson.baal@ibiruba.ifrs.edu.br','27061985','M'),('00848266064','LAURA GOTLEIB DA ROSA','da573ff09681368fe53ddb54b1c3d21c','laura.rosa@ibiruba.ifrs.edu.br','20031985','F'),('00885125096','ALINE SIRLEI POERSCH','644499b8bb78720d8ec98e67144835c9','aline.poersch@ibiruba.ifrs.edu.br','18081988','F'),('00923462007','ANDRE LUIZ MARCONDES','1d27b5f51b97c7a05a31dc0d3ee6aa6f','andre.marcondes@ibiruba.ifrs.edu.br','22041981','M'),('00923720073','MAIQUEL GROMANN','7cba8e8de2f87c5e7220be79cb872cd5','maiquel.gromann@ibiruba.ifrs.edu.br','02011987','M'),('00972970037','RONALDO SERPA DA ROSA','5976adf3eed6c238d0e5b0bd5dfab7e0','ronaldoserpa84@gmail.com','24111984','M'),('00975391046','FABIANO JORGE MACEDO','1b4ca212a74bd9167e283aa3cf730d4a','fabiano.macedo@ibiruba.ifrs.edu.br','02031986','M'),('00993550002','VITOR HUGO MACHADO DA SILVEIRA','d55cebcf304ed3471d7fa93aa08166ff','vitor.silveira@ibiruba.ifrs.edu.br','19061985','M'),('00998406007','BARBARA KUNTZER SCHLINTWEIN','8f8fa8ed003715d75bbaa2ec7f8957a9','barbara.kuntzer@ibiruba.ifrs.edu.br','30091984','F'),('01004318014','TASSIA MICHELE SCHWANTES','72568fa262a4848568190ba1b1db68b4','tassia.schwantes@ibiruba.ifrs.edu.br','16091985','F'),('01013477073','MAGALI TERESINHA DA SILVA','b97f1c3d3c6b5af44d75737742cd4eb8','magali.silva@ibiruba.ifrs.edu.br','27061986','F'),('01016515030','FRANCINEI ROCHA COSTA','0a60265a8db352e38d9f51b319832d45','francinei.costa@ibiruba.ifrs.edu.br','21111984','M'),('01030371016','EDIMAR MANICA','5d89afc2d7908ddc61456177c1b28627','edimar.manica@ibiruba.ifrs.edu.br','11011988','M'),('01076240011','RODRIGO LUIZ LUDWIG','0c939dcf803666f933172002b6f648a4','rodrigo.ludwig@vacaria.ifrs.edu.br','05091988','M'),('01217990003','HENRIQUE MULLER DALLMANN','4bdd12348728327b45a4507e3a6d74a8','henrique.dallmann@ibiruba.ifrs.edu.br','15021985','M'),('01220092070','SABRINE DE OLIVEIRA','ff4397365af369a3aa158e47e9e1118b','sabrine.oliveira@ibiruba.ifrs.edu.br','09041986','F'),('01241501017','BRUNA DALCIN PIMENTA','06aeb80e9ec4dd2cd3f3784a6256fd10','bruna.pimenta@vacaria.ifrs.edu.br','05031991','F'),('01312071052','ROGER LUIS HOFF LAVARDA','e9b5b5e98e2b69a42b5a97bf588ecf55','roger.lavarda@ibiruba.ifrs.edu.br','15061986','M'),('01320544002','ANDERSON PERTUZZATTI','40f4c7df4a766fc7fca85e96ae0b2012','anderson.pertuzzatti@ibiruba.ifrs.edu.br','29121987','M'),('01328400069','DANIELA BATISTA DOS SANTOS','fa3d74cefad52b08a3c111feb4533741','daniela.santos@vacaria.ifrs.edu.br','15011988','F'),('01436819075','GABRIELA FONTANA ABS DA CRUZ','f5357a6f24e5f6cf9042396d707defe4','gabriela.fontana@ibiruba.ifrs.edu.br','01031986','F'),('01454443090','SANDRA MEINEN DA CRUZ','215a3d6185f7ff53999e8d9b82dde225','sandra.cruz@ibiruba.ifrs.edu.br','17011988','F'),('01556610009','DANIELI OPPELT NICOLINI','fd7dff69ab3d3b4c87527268b9c9c22d','danieli.nicolini@ibiruba.ifrs.edu.br','20081987','F'),('01647074096','BIANCA LAIS ZIMMERMANN','03536bf67a8413b0e58375cf905c4224','bianca.zimmermann@ibiruba.ifrs.edu.br','29121987','F'),('01743916094','LUCAS DE ANDRADE','4da3ec7fe161d5c452f3e129bdf24c1c','lucas.andrade@ibiruba.ifrs.edu.br','13061990','M'),('01868860043','HENRIQUE LINHATI BITENCOURT','ff2084fdddcc0fa043d3d6ec72db84ab','henrique.bitencourt@ibiruba.ifrs.edu.br','15091987','M'),('01879500086','EDUARDO FERNANDES ANTUNES','18ebe44a7f5bc0e646194312d3a5908a','eduardo.antunes@ibiruba.ifrs.edu.br','27061989','M'),('01945030038','DIONEI SCHWAAB BRANDT','0d4e4aa2884ba4db241b9cfdd2acc821','dionei.brandt@ibiruba.ifrs.edu.br','21091989','M'),('02079368036','Marlon Vinícius Machado','204ac077838f645c338940eaa943b08b','mvmmat@gmail.com','10081989','M'),('02118911009','JARDEL HENRIQUE KIRCHNER','813ca6bee71796c20394faca89cae421','jardel.kirchner@ibiruba.ifrs.edu.br','12021990','M'),('02156797099','FERNANDA ISABEL ROYER','ee5c89edd6e079970e62f5e6a84872e4','fernanda.royer@ibiruba.ifrs.edu.br','18101989','F'),('02185264079','LAURA MONASSA FELIPPA','b68bc88b6dd05e1f3ad2b42487b531bb','laura.felippa@ibiruba.ifrs.edu.br','14021990','F'),('02240546000','ANDRE MAREK','c78146ec3634c014edd1e17ea0188a2d','andre.marek@ibiruba.ifrs.edu.br','07041989','M'),('02275262016','VANESSA BUGS GONCALVES','e1e0135902785b44736898b95902a7a0','vanessa.bugs@ibiruba.ifrs.edu.br','11091990','F'),('02368448063','LUIZ FELIPE KOPPER DA SILVA','90c027265f758be6ccfe3e41d0263e3b','felipe.kopper@ibiruba.ifrs.edu.br','10111990','M'),('02378150016','GUSTAVO BATHU PAULUS','33e3adc976da1422bb65f20bd280c034','gustavo.paulus@ibiruba.ifrs.edu.br','17041992','M'),('02518148078','MARCOS RAFAEL TAVARES','c10b559436e954d0f0ec9d9d3932b2cb','marcos.tavares@ibiruba.ifrs.edu.br','19051990','M'),('02633563023','MAYARA CORREA TAVARES','6d9677ba7535cfeeb1c2f122fe15808c','','02021992','F'),('02755987057','EDUARDA CORO MATTIONI','58e6da7b84eb968f641735b45c39db47','eduarda.mattioni@ibiruba.ifrs.edu.br','01101993','F'),('02872450041','JULIA CAROLINE GOULART BLANK','cb8229adf5ff26dc8da4f822c62e5e23','julia.blank@ibiruba.ifrs.edu.br','14031992','F'),('05092228970','PAULO HENRIQUE HEITOR POLON','4be173985eb6a9c3ee31130254b7368f','PAULO.POLON@ibiruba.ifrs.edu.br','03021985','M'),('05571558946','RAFAEL ZANATTA SCAPINI','3be435ee6d5b011053221bddd9bcfdc9','rafael.scapini@ibiruba.ifrs.edu.br','05101987','M'),('05820096428','EDILMA ELAYNE DA SILVA','619df0de55cdb5a27fe56e9e22b208d4','','04111986','F'),('06289938975','MAURICIO CERUTTI DE CASTRO','0cc0d1e88af7c1ad4724400678de0e81','mauricio.castro@ibiruba.ifrs.edu.br','22121987','M'),('06575356990','VANESSA FARIA DE SOUZA','6c31359cac33664c7d260a68eed6d66d','vanessa.souza@ibiruba.ifrs.edu.br','12071989','F'),('06799753900','ALEXANDRE BITTENCOURT DE SA','d3c2708f0e2d5a08fe944789048ebe6d','alexandre.sa@ibiruba.ifrs.edu.br','20081987','M'),('06902239940','MARINA GIROLIMETTO','6e31c8b89862a50e63b21eea88587eae','marina.girolimetto@ibiruba.ifrs.edu.br','01101992','F'),('08362307951','IURI GUISSONI QUAGLIA','0ec961e1be77f4d432706b19ea24643a','iuri.quaglia@ibiruba.ifrs.edu.br','09091992','M'),('21589511840','MARCO AURELIO MOREIRA SARAN','06b052409eb57e09f1b7851ea166d167','marco.saran@ibiruba.ifrs.edu.br','31081980','M'),('26240840025','IVO MAI','dad078cee3666c9f1048c3669d0d57e1','ivo.mai@ibiruba.ifrs.edu.br','18111956','M'),('31888503874','CAMILA LINO PEREIRA','a2d43819463cdbde59ac76e2f7aec9aa','camila.lino@ibiruba.ifrs.edu.br','08071985','F'),('32697384049','HEILANDE FATIMA PEREIRA DA SILVA','709e156998341aa0490031fcd66fb49e','heilande.silva@ibiruba.ifrs.edu.br','10071961','F'),('34893261053','EDUARDO MATOS MONTEZANO','497838a6ca9918770a6093ad1de0aae7','eduardo.montezano@ibiruba.ifrs.edu.br','18111966','M'),('35068957020','EDIMILSON ANTONIO BRAVO PORTO','68fe7a37754d01cfa7975fe02a67b104','edimilson.porto@ibiruba.ifrs.edu.br','08011962','M'),('47144718215','ANDRENIZIA AQUINO ELUAN DA ROSA','2cd388f78ac826e894df188ae6cdba32','andrenizia.rosa@ibiruba.ifrs.edu.br','25111977','F'),('47923032068','SANDRA REJANE ZORZO PERINGER','fd408c6633a9ed8676c96070e396a667','sandra.peringer@ibiruba.ifrs.edu.br','30051968','F'),('49085719020','FLAVIO ROBERTO ANDARA','ea5cea5be62ba14a557b3a5422832d95','flavio.andara@ibiruba.ifrs.edu.br','23031969','M'),('51724111272','LUCIANA DE OLIVEIRA','135ccc89d3e1e48c00710504b44a8dcd','luciana.oliveira@ibiruba.ifrs.edu.br','09031980','F'),('54681260010','MARSOE CRISTINA DAHLKE','6651cdb9fd9266525d302cf17e724410','marsoe.dahlke@ibiruba.ifrs.edu.br','01051967','F'),('56411740097','MARCOS ROBERTO JOST','4f7bf4e3789c9679605d3cd9ceee8b5f','marcos.jost@ibiruba.ifrs.edu.br','31031970','M'),('59020911368','MAERCIO DE OLIVEIRA COSTA','c3aa8dea7faae5b89044a688125e1d7f','maercio.costa@ibiruba.ifrs.edu.br','26061976','M'),('61561657034','JOVANI JOSE ALBERTI','f8b9629263d20f1a2c03ec23c727bec5','jovani.alberti@ibiruba.ifrs.edu.br','15111965','M'),('62687620025','LISANDRA INES BARASUOL','425377eb7e284b744c7ec375467b9eb9','lisandra.barasuol@ibiruba.ifrs.edu.br','18121969','F'),('63685485091','MIGACIR TRINDADE DUARTE FLORES','8ceecc77813cb935693fd8728e67f7f0','migacir.flores@ibiruba.ifrs.edu.br','20111972','F'),('63793768015','RAQUEL LORENSINI ALBERTI','a0a6e29eddeae907f26cfe4f698a9fdb','raquel.alberti@ibiruba.ifrs.edu.br','30051972','F'),('65600878087','EDSON ROBERTO BUENO','f44e781145a8a5edf098680798e0cfdf','edson.bueno@ibiruba.ifrs.edu.br','02121974','M'),('66421357091','ADRIANA CLAUDIA SCHMIDT','fbada6d2516aaee4f7e910af4b06bb2d','adriana.schmidt@ibiruba.ifrs.edu.br','05041973','F'),('67781675053','BEN HUR COSTA DE CAMPOS','a2964b63fedd36fb2d99adc98b415a46','ben-hur.campos@ibiruba.ifrs.edu.br','23011968','M'),('70838429068','ANDREIA TEIXEIRA INOCENTE','c6855023ea6195c469e910ac069a1f84','andreia.inocente@ibiruba.ifrs.edu.br','26071977','F'),('70991200004','ADRIANA RIGUER DELLA MEA','56ee7e5716c6c5518d72db768f841065','adriana.dellamea@ibiruba.ifrs.edu.br','03091973','F'),('71354441087','LUIS CLAUDIO GUBERT','83b45d3e085b4ed2f1faf288c4106b77','luis.gubert@ibiruba.ifrs.edu.br','27021973','M'),('74294253053','ANDERSON DE OLIVEIRA FRAGA','4ccef8000a1286bd17e62ebd5a7b94a9','anderson.fraga@ibiruba.ifrs.edu.br','12011978','M'),('78725860968','GILNEI JOSE HEFLER','9c5982aed8f85f56c51a36afeb3747c2','gilnei.hefler@ibiruba.ifrs.edu.br','19031971','M'),('79229638900','DIONEIA MAGDA EVERLING','3806a526e2c7af2ec712718c3de4d4a5','dioneia.everling@ibiruba.ifrs.edu.br','08051972','F'),('81542275091','GUSTAVO OLIVEIRA RANGEL','3737472d8ac5694808bfcc9ea4c67df1','gustavo.rangel@ibiruba.ifrs.edu.br','25051980','M'),('81826079068','JEFFERSON MORAIS GAUTERIO','60c3cc7fee1d10a0990db99e56d94d7b','jefferson.gauterio@ibiruba.ifrs.edu.br','05121983','M'),('82177678072','MARCUS VINICIUS DA COSTA','9f9a116937ba79599424334a71ffc2d5','marcus.costa@ibiruba.ifrs.edu.br','28101978','M'),('82187851087','TARSILA RUBIN BATTISTELLA','09bb63bf7635f9cfd50f022e7a3b0dba','tarsila.battistella@ibiruba.ifrs.edu.br','04071983','F'),('82472327072','RODRIGO FARIAS GAMA','41aa96ce4f58d0cf903c0689e575b3e5','rodrigo.gama@ibiruba.ifrs.edu.br','14011980','M'),('82692416015','TALITA LUIZA DE MEDEIROS FERRO','ba79b5dcf812e2c25bbfd9fbdc3a8a25','talita.ferro@vacaria.ifrs.edu.br','26071982','F'),('83111522091','SILVANI LOPES LIMA','6a89fad891099f5a4368134e302f0acb','silvani.lima@ibiruba.ifrs.edu.br','16051982','F'),('88478823034','HELDER MADRUGA DE QUADROS','c4c39850cd2de2a701bcede4bdd51bdf','helder.quadros@ibiruba.ifrs.edu.br','07031973','M'),('88901254034','ANDRE RICARDO DIERINGS','4724fb295ea11bad7cde21597e199609','andre.dierings@ibiruba.ifrs.edu.br','22081975','M'),('89692780015','DILAMAR ANTUNES CORREA','81166b9881734dbec61e35aedece92de','dilamar.correa@ibiruba.ifrs.edu.br','16071972','M'),('89965477000','MAGDA DA SILVA PEREIRA','291da60f7943227b69a1aca83fffaf31','magda.pereira@bento.ifrs.edu.br','15101976','F'),('90026446049','MILTON JOSE BUSNELLO','c5e07fb510b73b2b972d351b265f1b47','milton.busnello@ibiruba.ifrs.edu.br','22071975','M'),('90061616087','RODRIGO LANGE','9a50e04a362530f350ac87ca55c871f8','rodrigo.lange@ibiruba.ifrs.edu.br','22031978','M'),('90479912068','MIRIDIANE WAYHS','13c9bbafaf781c6d9e7f8557e8b80b58','miridiane.wayhs@ibiruba.ifrs.edu.br','12051975','F'),('91988810000','GIANCARLO STEFANI SCHLEDER','9c8afd234b9f52385566beeb95b00b56','giancarlo.schleder@ibiruba.ifrs.edu.br','07061977','M'),('92166695000','LISIANE CEZAR DE OLIVEIRA','ffb2380d25edcc9324b5540a64128bcc','lisiane.oliveira@ibiruba.ifrs.edu.br','16011975','F'),('92688837087','SONIA MARGARETE SOUZA DE SOUZA','2761723766720e0b0f57c94b6cd3fdd2','margareth_ufrgs@yahoo.com.br','04031977','F'),('94685878000','MOISES ATILIO HOFFMANN','f9cd31e83e7c90d231b636db5b800020','moises.hoffmann@ibiruba.ifrs.edu.br','15061978','M'),('95092447087','RENATA PORTO ALEGRE GARCIA','1945dd848d68cdfca3a120724062fffb','renata.garcia@ibiruba.ifrs.edu.br','09051980','F'),('95543880049','MOISES NIVALDO CORDEIRO','55818779c25bbff1bc3198ce62f24833','MOISES.CORDEIRO@IBIRUBA.IFRS.EDU.BR','19091980','M'),('95569499091','CRISTIANO KULMAN','8e3bb6127504fdb35e0587510566a759','cristiano.kulman@ibiruba.ifrs.edu.br','09111979','M'),('95637109087','ELIEZER JOSE PEGORARO','f0e4b751a047f144985772492fa8ee8d','eliezer.pegoraro@ibiruba.ifrs.edu.br','30011981','M'),('95764283000','MONICA GIACOMINI','e35f52fa6a7aaadcfce96c4a731b6963','monica.giacomini@ibiruba.ifrs.edu.br','08091980','F'),('96025182000','FABIANE BEATRIZ SESTARI','d486b3510e706b4afbfcefd381ef2ac8','fabiane.sestari@ibiruba.ifrs.edu.br','22021981','F'),('96438100030','ALINE REISSUY DE MORAES','41538d615e9405e37b2670f6b95faa46','aline.moraes@ibiruba.ifrs.edu.br','29071980','F'),('96480220030','CARINA TONIETO','2566f1474364bca13599f4cdb71f3a05','carina.tonieto@ibiruba.ifrs.edu.br','14091980','F'),('96705159049','LUCIANO MACHADO CIRINO','0f1cef325ddec1f28942358f18bed8c9','luciano.cirino@ibiruba.ifrs.edu.br','17071979','M'),('97013340006','DEIVIS TERRIS DA ROSA','f5bd8425a6b33d4c0af77c83cb10f2c1','deivis.terris@ibiruba.ifrs.edu.br','22071981','M'),('97315150030','ANA PAULA DE ALMEIDA','386b2c0930d68c02105cafaf9f0589a7','ana.almeida@ibiruba.ifrs.edu.br','03051980','F'),('98253310030','VANUSSA GISLAINE DOBLER DE SOUZA','609339ec833e8bf807e069a8f8736168','vanussa.souza@ibiruba.ifrs.edu.br','29051982','F'),('99321823034','JULIANO ELESBAO RATHKE','5b3d6595a4688f2dc92a5f2bc5b4f414','juliano.rathke@ibiruba.ifrs.edu.br','13051981','M'),('99400472072','ANA DIONEIA WOUTERS','87352ae2fcc17572ef66395b1290ab06','ana.wouters@ibiruba.ifrs.edu.br','18021983','F'),('99953129053','CLAUDIA REGINA COSTA PACHECO','4ea9a4f5fca64ec927fd0aea2d87f4b9','claudia.pacheco@ibiruba.ifrs.edu.br','13071981','F');
/*!40000 ALTER TABLE `servidor` ENABLE KEYS */;
UNLOCK TABLES;

--
-- Table structure for table `servidor_cargo`
--

DROP TABLE IF EXISTS `servidor_cargo`;
/*!40101 SET @saved_cs_client     = @@character_set_client */;
/*!50503 SET character_set_client = utf8mb4 */;
CREATE TABLE `servidor_cargo` (
  `matricula` varchar(50) NOT NULL,
  `cargo` varchar(50) DEFAULT NULL,
  `login` varchar(11) DEFAULT NULL,
  PRIMARY KEY (`matricula`),
  KEY `login` (`login`),
  CONSTRAINT `loginServidor` FOREIGN KEY (`login`) REFERENCES `servidor` (`login`)
) ENGINE=InnoDB DEFAULT CHARSET=utf8;
/*!40101 SET character_set_client = @saved_cs_client */;

--
-- Dumping data for table `servidor_cargo`
--

LOCK TABLES `servidor_cargo` WRITE;
/*!40000 ALTER TABLE `servidor_cargo` DISABLE KEYS */;
INSERT INTO `servidor_cargo` VALUES ('1005553','CARGO NÃO INFORMADO','97013340006'),('1022179','ASSISTENTE EM ADMINISTRACAO','02755987057'),('1049780','PROFESSOR ENS BASICO TECN TECNOLOGICO','00228507081'),('1052215','PROFESSOR ENS BASICO TECN TECNOLOGICO','91988810000'),('1060703','PROFESSOR ENS BASICO TECN TECNOLOGICO','06799753900'),('1125060','ASSISTENTE EM ADMINISTRACAO','02185264079'),('1125810','ASSISTENTE DE ALUNO','02518148078'),('1140614','ASSISTENTE EM ADMINISTRACAO','81542275091'),('1152559','ADMINISTRADOR','62687620025'),('1201120','PROFESSOR ENS BASICO TECN TECNOLOGICO','82187851087'),('1217356','PROFESSOR ENS BASICO TECN TECNOLOGICO','06575356990'),('1256793','PROFESSOR ENS BASICO TECN TECNOLOGICO','51724111272'),('1256854','PROFESSOR ENS BASICO TECN TECNOLOGICO','74294253053'),('1290853','PROFESSOR ENS BASICO TECN TECNOLOGICO','82177678072'),('1306033','PROFESSOR ENS BASICO TECN TECNOLOGICO','63793768015'),('1314123','AUXILIAR DE BIBLIOTECA','89692780015'),('1323426','PROFESSOR ENS BASICO TECN TECNOLOGICO','79229638900'),('1385073','PROFESSOR ENS BASICO TECN TECNOLOGICO','05092228970'),('1409609','PROFESSOR ENS BASICO TECN TECNOLOGICO','00805090029'),('1556413','PROFESSOR ENS BASICO TECN TECNOLOGICO','95569499091'),('1645508','PROFESSOR ENS BASICO TECN TECNOLOGICO','00082709025'),('1653220','PROFESSOR ENS BASICO TECN TECNOLOGICO','83111522091'),('1680548','ANALISTA DE TEC DA INFORMACAO','00848266064'),('1680661','TECNICO EM ALIMENTOS E LATICINIOS','00998406007'),('1686749','PROFESSOR ENS BASICO TECN TECNOLOGICO','95637109087'),('1716767','PROFESSOR ENS BASICO TECN TECNOLOGICO','00284489018'),('1720535','PROFESSOR ENS BASICO TECN TECNOLOGICO','01312071052'),('1759468','PROFESSOR ENS BASICO TECN TECNOLOGICO','99321823034'),('1761366','PROFESSOR ENS BASICO TECN TECNOLOGICO','99953129053'),('1770350','TECNICO EM ASSUNTOS EDUCACIONAIS','00609343017'),('1781712','PROFESSOR ENS BASICO TECN TECNOLOGICO','71354441087'),('1788008','PROFESSOR ENS BASICO TECN TECNOLOGICO','95092447087'),('1796015','PROFESSOR ENS BASICO TECN TECNOLOGICO','34893261053'),('1796124','PROFESSOR ENS BASICO TECN TECNOLOGICO','67781675053'),('1800168','ASSISTENTE SOCIAL','97315150030'),('1801520','PROFESSOR ENS BASICO TECN TECNOLOGICO','47144718215'),('1804132','PROFESSOR ENS BASICO TECN TECNOLOGICO','59020911368'),('1804751','PROFESSOR ENS BASICO TECN TECNOLOGICO','88901254034'),('1804782','PROFESSOR ENS BASICO TECN TECNOLOGICO','01030371016'),('1808305','PEDAGOGO-AREA','70838429068'),('1818514','TEC DE TECNOLOGIA DA INFORMACAO','01879500086'),('1819147','TEC DE TECNOLOGIA DA INFORMACAO','00146967038'),('1819928','PROFESSOR ENS BASICO TECN TECNOLOGICO','49085719020'),('1823897','PROFESSOR ENS BASICO TECN TECNOLOGICO','00080237002'),('1827598','PROFESSOR ENS BASICO TECN TECNOLOGICO','95764283000'),('1827813','PROFESSOR ENS BASICO TECN TECNOLOGICO','00975391046'),('1828061','PROFESSOR ENS BASICO TECN TECNOLOGICO','92166695000'),('1828638','PROFESSOR ENS BASICO TECN TECNOLOGICO','88478823034'),('1835765','CONTADOR','01013477073'),('1838354','ENGENHEIRO AGRONOMO','00719570069'),('1881821','PROF ENS BAS TEC TECNOLOGICO-SUBSTITUTO','06902239940'),('1893291','TECNICO EM AGROPECUARIA','90026446049'),('1894794','PROFESSOR ENS BASICO TECN TECNOLOGICO','96705159049'),('1904198','PROFESSOR ENS BASICO TECN TECNOLOGICO','35068957020'),('1929195','TECNICO DE LABORATORIO AREA','70991200004'),('1951988','PROFESSOR ENS BASICO TECN TECNOLOGICO','01436819075'),('1972400','PROFESSOR ENS BASICO TECN TECNOLOGICO','54681260010'),('1982614','AUX EM ADMINISTRACAO','00699866065'),('1982908','ASSISTENTE EM ADMINISTRACAO','00923462007'),('1984476','PROFESSOR ENS BASICO TECN TECNOLOGICO','99400472072'),('1993471','TECNICO EM AGROPECUARIA','00923720073'),('1995120','PROFESSOR ENS BASICO TECN TECNOLOGICO','00235387088'),('1995140','PROFESSOR ENS BASICO TECN TECNOLOGICO','26240840025'),('1999837','PROFESSOR ENS BASICO TECN TECNOLOGICO','96025182000'),('1999869','PROFESSOR ENS BASICO TECN TECNOLOGICO','00252284046'),('2020887','ASSISTENTE EM ADMINISTRACAO','02368448063'),('2033151','PROFESSOR ENS BASICO TECN TECNOLOGICO','00358844010'),('2034888','ASSISTENTE EM ADMINISTRACAO','00028796039'),('2034931','ASSISTENTE EM ADMINISTRACAO','90479912068'),('2037434','PROFESSOR ENS BASICO TECN TECNOLOGICO','47923032068'),('2050864','AUX EM ADMINISTRACAO','01945030038'),('2050923','MEDICO VETERINARIO','01217990003'),('2054049','PSICOLOGO-AREA','00528098039'),('2088048','PROFESSOR ENS BASICO TECN TECNOLOGICO','82472327072'),('2094640','PROFESSOR ENS BASICO TECN TECNOLOGICO','32697384049'),('2104561','PROFESSOR ENS BASICO TECN TECNOLOGICO','63685485091'),('2107386','PROFESSOR ENS BASICO TECN TECNOLOGICO','00452945003'),('2113322','PROFESSOR ENS BASICO TECN TECNOLOGICO','05571558946'),('2124439','PROFESSOR ENS BASICO TECN TECNOLOGICO','00502072024'),('2151404','JORNALISTA','02872450041'),('2151545','PROFESSOR ENS BASICO TECN TECNOLOGICO','01076240011'),('2155228','ADMINISTRADOR','01743916094'),('2165103','TECNICO DE LABORATORIO AREA','08362307951'),('2168690','TEC DE TECNOLOGIA DA INFORMACAO','02378150016'),('2169684','TRADUTOR INTERPRETE DE LINGUAGEM SINAIS','01220092070'),('2178260','ARQUITETO E URBANISTA','06289938975'),('2190979','TECNOLOGO-FORMACAO','01004318014'),('2200219','PROFESSOR ENS BASICO TECN TECNOLOGICO','90061616087'),('2230066','TECNICO DE LABORATORIO AREA','01454443090'),('2241635','PROFESSOR ENS BASICO TECN TECNOLOGICO','01328400069'),('2249026','PROFESSOR ENS BASICO TECN TECNOLOGICO','00591096021'),('2258011','PROFESSOR ENS BASICO TECN TECNOLOGICO','95543880049'),('2263571','PROFESSOR ENS BASICO TECN TECNOLOGICO','00972970037'),('2282286','PROFESSOR ENS BASICO TECN TECNOLOGICO','96480220030'),('2293657','TECNICO DE LABORATORIO AREA','78725860968'),('2307891','ASSISTENTE EM ADMINISTRACAO','56411740097'),('2309189','PROFESSOR ENS BASICO TECN TECNOLOGICO','01016515030'),('2327915','PROFESSOR ENS BASICO TECN TECNOLOGICO','00993550002'),('2328168','TECNICO DE LABORATORIO AREA','00787626007'),('2331430','PROFESSOR ENS BASICO TECN TECNOLOGICO','81826079068'),('2331826','ASSISTENTE DE ALUNO','01556610009'),('2333087','BIBLIOTECARIO-DOCUMENTALISTA','92688837087'),('2344667','ASSISTENTE DE ALUNO','02156797099'),('2350837','TECNICO DE LABORATORIO AREA','01868860043'),('2384881','PROFESSOR ENS BASICO TECN TECNOLOGICO','00175457069'),('2402137','TECNICO EM AGROPECUARIA','65600878087'),('2404994','TECNICO EM AGROPECUARIA','01320544002'),('2534931','PROFESSOR ENS BASICO TECN TECNOLOGICO','98253310030'),('2785029','AUX EM ADMINISTRACAO','94685878000'),('2858717','PROFESSOR ENS BASICO TECN TECNOLOGICO','00177190035'),('2917801','PROFESSOR ENS BASICO TECN TECNOLOGICO','00439086086'),('2917805','PROFESSOR ENS BASICO TECN TECNOLOGICO','89965477000'),('2982915','TECNOLOGO-FORMACAO','02240546000'),('2997912','ASSISTENTE DE ALUNO','82692416015'),('3005318','ASSISTENTE EM ADMINISTRACAO','00885125096'),('3051606','PROFESSOR ENS BASICO TECN TECNOLOGICO','01647074096'),('3086202','PROFESSOR ENS BASICO TECN TECNOLOGICO','02118911009'),('3136505','ASSISTENTE EM ADMINISTRACAO','31888503874'),('3142333','PROFESSOR ENS BASICO TECN TECNOLOGICO','01241501017'),('3146933','PROF ENS BAS TEC TECNOLOGICO-SUBSTITUTO','02079368036'),('3147087','PROF ENS BAS TEC TECNOLOGICO-SUBSTITUTO','00391572024'),('3150073','PROFESSOR ENS BASICO TECN TECNOLOGICO','21589511840'),('3153998','PROF ENS BAS TEC TECNOLOGICO-SUBSTITUTO','02633563023'),('3158888','PROF ENS BAS TEC TECNOLOGICO-SUBSTITUTO','96438100030'),('3169365','PROF ENS BAS TEC TECNOLOGICO-SUBSTITUTO','66421357091'),('3182621','PROF ENS BAS TEC TECNOLOGICO-SUBSTITUTO','05820096428'),('3184067','PEDAGOGO-AREA','02275262016'),('995602','TECNICO EM MECANICA','61561657034');
/*!40000 ALTER TABLE `servidor_cargo` ENABLE KEYS */;
UNLOCK TABLES;
/*!40103 SET TIME_ZONE=@OLD_TIME_ZONE */;

/*!40101 SET SQL_MODE=@OLD_SQL_MODE */;
/*!40014 SET FOREIGN_KEY_CHECKS=@OLD_FOREIGN_KEY_CHECKS */;
/*!40014 SET UNIQUE_CHECKS=@OLD_UNIQUE_CHECKS */;
/*!40101 SET CHARACTER_SET_CLIENT=@OLD_CHARACTER_SET_CLIENT */;
/*!40101 SET CHARACTER_SET_RESULTS=@OLD_CHARACTER_SET_RESULTS */;
/*!40101 SET COLLATION_CONNECTION=@OLD_COLLATION_CONNECTION */;
/*!40111 SET SQL_NOTES=@OLD_SQL_NOTES */;

-- Dump completed on 2021-02-04  9:00:30
